test_index,image_id,source_path,source_record_index,true_class,predicted_class,confidence,top1_correct,top5_correct,saved_image,error_type
37,cifar10_test_00037,/home/tariq/Desktop/Awais-Tariq/base-KD/data/cifar-10-batches-py/test_batch,37,automobile,truck,0.9971389770507812,False,True,/home/tariq/Desktop/Awais-Tariq/base-KD/reports/cifar10_full_audit/vit_pretrained_finetuned/failure_images/00037_true-automobile_pred-truck.png,false_negative_for_automobile;false_positive_for_truck
59,cifar10_test_00059,/home/tariq/Desktop/Awais-Tariq/base-KD/data/cifar-10-batches-py/test_batch,59,frog,cat,0.9918588995933533,False,True,/home/tariq/Desktop/Awais-Tariq/base-KD/reports/cifar10_full_audit/vit_pretrained_finetuned/failure_images/00059_true-frog_pred-cat.png,false_negative_for_frog;false_positive_for_cat
61,cifar10_test_00061,/home/tariq/Desktop/Awais-Tariq/base-KD/data/cifar-10-batches-py/test_batch,61,cat,dog,0.9952287673950195,False,True,/home/tariq/Desktop/Awais-Tariq/base-KD/reports/cifar10_full_audit/vit_pretrained_finetuned/failure_images/00061_true-cat_pred-dog.png,false_negative_for_cat;false_positive_for_dog
125,cifar10_test_00125,/home/tariq/Desktop/Awais-Tariq/base-KD/data/cifar-10-batches-py/test_batch,125,airplane,bird,0.9861831665039062,False,True,/home/tariq/Desktop/Awais-Tariq/base-KD/reports/cifar10_full_audit/vit_pretrained_finetuned/failure_images/00125_true-airplane_pred-bird.png,false_negative_for_airplane;false_positive_for_bird
226,cifar10_test_00226,/home/tariq/Desktop/Awais-Tariq/base-KD/data/cifar-10-batches-py/test_batch,226,frog,airplane,0.9946198463439941,False,True,/home/tariq/Desktop/Awais-Tariq/base-KD/reports/cifar10_full_audit/vit_pretrained_finetuned/failure_images/00226_true-frog_pred-airplane.png,false_negative_for_frog;false_positive_for_airplane
275,cifar10_test_00275,/home/tariq/Desktop/Awais-Tariq/base-KD/data/cifar-10-batches-py/test_batch,275,dog,cat,0.9998375177383423,False,True,/home/tariq/Desktop/Awais-Tariq/base-KD/reports/cifar10_full_audit/vit_pretrained_finetuned/failure_images/00275_true-dog_pred-cat.png,false_negative_for_dog;false_positive_for_cat
312,cifar10_test_00312,/home/tariq/Desktop/Awais-Tariq/base-KD/data/cifar-10-batches-py/test_batch,312,ship,airplane,0.9941033720970154,False,True,/home/tariq/Desktop/Awais-Tariq/base-KD/reports/cifar10_full_audit/vit_pretrained_finetuned/failure_images/00312_true-ship_pred-airplane.png,false_negative_for_ship;false_positive_for_airplane
378,cifar10_test_00378,/home/tariq/Desktop/Awais-Tariq/base-KD/data/cifar-10-batches-py/test_batch,378,airplane,ship,0.9999990463256836,False,True,/home/tariq/Desktop/Awais-Tariq/base-KD/reports/cifar10_full_audit/vit_pretrained_finetuned/failure_images/00378_true-airplane_pred-ship.png,false_negative_for_airplane;false_positive_for_ship
394,cifar10_test_00394,/home/tariq/Desktop/Awais-Tariq/base-KD/data/cifar-10-batches-py/test_batch,394,truck,automobile,0.9804414510726929,False,True,/home/tariq/Desktop/Awais-Tariq/base-KD/reports/cifar10_full_audit/vit_pretrained_finetuned/failure_images/00394_true-truck_pred-automobile.png,false_negative_for_truck;false_positive_for_automobile
426,cifar10_test_00426,/home/tariq/Desktop/Awais-Tariq/base-KD/data/cifar-10-batches-py/test_batch,426,cat,dog,0.9999394416809082,False,True,/home/tariq/Desktop/Awais-Tariq/base-KD/reports/cifar10_full_audit/vit_pretrained_finetuned/failure_images/00426_true-cat_pred-dog.png,false_negative_for_cat;false_positive_for_dog
531,cifar10_test_00531,/home/tariq/Desktop/Awais-Tariq/base-KD/data/cifar-10-batches-py/test_batch,531,airplane,bird,0.8126731514930725,False,True,/home/tariq/Desktop/Awais-Tariq/base-KD/reports/cifar10_full_audit/vit_pretrained_finetuned/failure_images/00531_true-airplane_pred-bird.png,false_negative_for_airplane;false_positive_for_bird
551,cifar10_test_00551,/home/tariq/Desktop/Awais-Tariq/base-KD/data/cifar-10-batches-py/test_batch,551,dog,cat,0.9984951019287109,False,True,/home/tariq/Desktop/Awais-Tariq/base-KD/reports/cifar10_full_audit/vit_pretrained_finetuned/failure_images/00551_true-dog_pred-cat.png,false_negative_for_dog;false_positive_for_cat
672,cifar10_test_00672,/home/tariq/Desktop/Awais-Tariq/base-KD/data/cifar-10-batches-py/test_batch,672,frog,bird,0.9643124341964722,False,True,/home/tariq/Desktop/Awais-Tariq/base-KD/reports/cifar10_full_audit/vit_pretrained_finetuned/failure_images/00672_true-frog_pred-bird.png,false_negative_for_frog;false_positive_for_bird
683,cifar10_test_00683,/home/tariq/Desktop/Awais-Tariq/base-KD/data/cifar-10-batches-py/test_batch,683,ship,airplane,0.999376118183136,False,True,/home/tariq/Desktop/Awais-Tariq/base-KD/reports/cifar10_full_audit/vit_pretrained_finetuned/failure_images/00683_true-ship_pred-airplane.png,false_negative_for_ship;false_positive_for_airplane
734,cifar10_test_00734,/home/tariq/Desktop/Awais-Tariq/base-KD/data/cifar-10-batches-py/test_batch,734,truck,automobile,0.8978161811828613,False,True,/home/tariq/Desktop/Awais-Tariq/base-KD/reports/cifar10_full_audit/vit_pretrained_finetuned/failure_images/00734_true-truck_pred-automobile.png,false_negative_for_truck;false_positive_for_automobile
810,cifar10_test_00810,/home/tariq/Desktop/Awais-Tariq/base-KD/data/cifar-10-batches-py/test_batch,810,dog,cat,0.9998754262924194,False,True,/home/tariq/Desktop/Awais-Tariq/base-KD/reports/cifar10_full_audit/vit_pretrained_finetuned/failure_images/00810_true-dog_pred-cat.png,false_negative_for_dog;false_positive_for_cat
925,cifar10_test_00925,/home/tariq/Desktop/Awais-Tariq/base-KD/data/cifar-10-batches-py/test_batch,925,dog,cat,0.5881982445716858,False,True,/home/tariq/Desktop/Awais-Tariq/base-KD/reports/cifar10_full_audit/vit_pretrained_finetuned/failure_images/00925_true-dog_pred-cat.png,false_negative_for_dog;false_positive_for_cat
1227,cifar10_test_01227,/home/tariq/Desktop/Awais-Tariq/base-KD/data/cifar-10-batches-py/test_batch,1227,cat,dog,0.9999979734420776,False,True,/home/tariq/Desktop/Awais-Tariq/base-KD/reports/cifar10_full_audit/vit_pretrained_finetuned/failure_images/01227_true-cat_pred-dog.png,false_negative_for_cat;false_positive_for_dog
1236,cifar10_test_01236,/home/tariq/Desktop/Awais-Tariq/base-KD/data/cifar-10-batches-py/test_batch,1236,horse,dog,0.9995613694190979,False,True,/home/tariq/Desktop/Awais-Tariq/base-KD/reports/cifar10_full_audit/vit_pretrained_finetuned/failure_images/01236_true-horse_pred-dog.png,false_negative_for_horse;false_positive_for_dog
1307,cifar10_test_01307,/home/tariq/Desktop/Awais-Tariq/base-KD/data/cifar-10-batches-py/test_batch,1307,bird,airplane,0.9056934714317322,False,True,/home/tariq/Desktop/Awais-Tariq/base-KD/reports/cifar10_full_audit/vit_pretrained_finetuned/failure_images/01307_true-bird_pred-airplane.png,false_negative_for_bird;false_positive_for_airplane
1440,cifar10_test_01440,/home/tariq/Desktop/Awais-Tariq/base-KD/data/cifar-10-batches-py/test_batch,1440,airplane,ship,0.9251818656921387,False,True,/home/tariq/Desktop/Awais-Tariq/base-KD/reports/cifar10_full_audit/vit_pretrained_finetuned/failure_images/01440_true-airplane_pred-ship.png,false_negative_for_airplane;false_positive_for_ship
1442,cifar10_test_01442,/home/tariq/Desktop/Awais-Tariq/base-KD/data/cifar-10-batches-py/test_batch,1442,cat,dog,0.999607264995575,False,True,/home/tariq/Desktop/Awais-Tariq/base-KD/reports/cifar10_full_audit/vit_pretrained_finetuned/failure_images/01442_true-cat_pred-dog.png,false_negative_for_cat;false_positive_for_dog
1492,cifar10_test_01492,/home/tariq/Desktop/Awais-Tariq/base-KD/data/cifar-10-batches-py/test_batch,1492,truck,automobile,0.9996623992919922,False,True,/home/tariq/Desktop/Awais-Tariq/base-KD/reports/cifar10_full_audit/vit_pretrained_finetuned/failure_images/01492_true-truck_pred-automobile.png,false_negative_for_truck;false_positive_for_automobile
1506,cifar10_test_01506,/home/tariq/Desktop/Awais-Tariq/base-KD/data/cifar-10-batches-py/test_batch,1506,dog,horse,0.9999927282333374,False,True,/home/tariq/Desktop/Awais-Tariq/base-KD/reports/cifar10_full_audit/vit_pretrained_finetuned/failure_images/01506_true-dog_pred-horse.png,false_negative_for_dog;false_positive_for_horse
1732,cifar10_test_01732,/home/tariq/Desktop/Awais-Tariq/base-KD/data/cifar-10-batches-py/test_batch,1732,truck,automobile,0.9999947547912598,False,True,/home/tariq/Desktop/Awais-Tariq/base-KD/reports/cifar10_full_audit/vit_pretrained_finetuned/failure_images/01732_true-truck_pred-automobile.png,false_negative_for_truck;false_positive_for_automobile
1957,cifar10_test_01957,/home/tariq/Desktop/Awais-Tariq/base-KD/data/cifar-10-batches-py/test_batch,1957,cat,dog,0.9974135756492615,False,True,/home/tariq/Desktop/Awais-Tariq/base-KD/reports/cifar10_full_audit/vit_pretrained_finetuned/failure_images/01957_true-cat_pred-dog.png,false_negative_for_cat;false_positive_for_dog
1969,cifar10_test_01969,/home/tariq/Desktop/Awais-Tariq/base-KD/data/cifar-10-batches-py/test_batch,1969,automobile,truck,0.9999991655349731,False,True,/home/tariq/Desktop/Awais-Tariq/base-KD/reports/cifar10_full_audit/vit_pretrained_finetuned/failure_images/01969_true-automobile_pred-truck.png,false_negative_for_automobile;false_positive_for_truck
2010,cifar10_test_02010,/home/tariq/Desktop/Awais-Tariq/base-KD/data/cifar-10-batches-py/test_batch,2010,horse,cat,0.9025810360908508,False,True,/home/tariq/Desktop/Awais-Tariq/base-KD/reports/cifar10_full_audit/vit_pretrained_finetuned/failure_images/02010_true-horse_pred-cat.png,false_negative_for_horse;false_positive_for_cat
2078,cifar10_test_02078,/home/tariq/Desktop/Awais-Tariq/base-KD/data/cifar-10-batches-py/test_batch,2078,bird,frog,0.7914284467697144,False,True,/home/tariq/Desktop/Awais-Tariq/base-KD/reports/cifar10_full_audit/vit_pretrained_finetuned/failure_images/02078_true-bird_pred-frog.png,false_negative_for_bird;false_positive_for_frog
2187,cifar10_test_02187,/home/tariq/Desktop/Awais-Tariq/base-KD/data/cifar-10-batches-py/test_batch,2187,dog,cat,0.9995083808898926,False,True,/home/tariq/Desktop/Awais-Tariq/base-KD/reports/cifar10_full_audit/vit_pretrained_finetuned/failure_images/02187_true-dog_pred-cat.png,false_negative_for_dog;false_positive_for_cat
2405,cifar10_test_02405,/home/tariq/Desktop/Awais-Tariq/base-KD/data/cifar-10-batches-py/test_batch,2405,cat,frog,0.9999998807907104,False,True,/home/tariq/Desktop/Awais-Tariq/base-KD/reports/cifar10_full_audit/vit_pretrained_finetuned/failure_images/02405_true-cat_pred-frog.png,false_negative_for_cat;false_positive_for_frog
2525,cifar10_test_02525,/home/tariq/Desktop/Awais-Tariq/base-KD/data/cifar-10-batches-py/test_batch,2525,dog,cat,0.999821126461029,False,True,/home/tariq/Desktop/Awais-Tariq/base-KD/reports/cifar10_full_audit/vit_pretrained_finetuned/failure_images/02525_true-dog_pred-cat.png,false_negative_for_dog;false_positive_for_cat
2530,cifar10_test_02530,/home/tariq/Desktop/Awais-Tariq/base-KD/data/cifar-10-batches-py/test_batch,2530,frog,bird,0.5155426263809204,False,True,/home/tariq/Desktop/Awais-Tariq/base-KD/reports/cifar10_full_audit/vit_pretrained_finetuned/failure_images/02530_true-frog_pred-bird.png,false_negative_for_frog;false_positive_for_bird
2532,cifar10_test_02532,/home/tariq/Desktop/Awais-Tariq/base-KD/data/cifar-10-batches-py/test_batch,2532,airplane,automobile,0.9999899864196777,False,True,/home/tariq/Desktop/Awais-Tariq/base-KD/reports/cifar10_full_audit/vit_pretrained_finetuned/failure_images/02532_true-airplane_pred-automobile.png,false_negative_for_airplane;false_positive_for_automobile
2592,cifar10_test_02592,/home/tariq/Desktop/Awais-Tariq/base-KD/data/cifar-10-batches-py/test_batch,2592,bird,deer,0.9989567995071411,False,True,/home/tariq/Desktop/Awais-Tariq/base-KD/reports/cifar10_full_audit/vit_pretrained_finetuned/failure_images/02592_true-bird_pred-deer.png,false_negative_for_bird;false_positive_for_deer
2605,cifar10_test_02605,/home/tariq/Desktop/Awais-Tariq/base-KD/data/cifar-10-batches-py/test_batch,2605,deer,cat,0.5072640776634216,False,True,/home/tariq/Desktop/Awais-Tariq/base-KD/reports/cifar10_full_audit/vit_pretrained_finetuned/failure_images/02605_true-deer_pred-cat.png,false_negative_for_deer;false_positive_for_cat
2798,cifar10_test_02798,/home/tariq/Desktop/Awais-Tariq/base-KD/data/cifar-10-batches-py/test_batch,2798,cat,dog,0.999984622001648,False,True,/home/tariq/Desktop/Awais-Tariq/base-KD/reports/cifar10_full_audit/vit_pretrained_finetuned/failure_images/02798_true-cat_pred-dog.png,false_negative_for_cat;false_positive_for_dog
2804,cifar10_test_02804,/home/tariq/Desktop/Awais-Tariq/base-KD/data/cifar-10-batches-py/test_batch,2804,cat,dog,0.9999988079071045,False,True,/home/tariq/Desktop/Awais-Tariq/base-KD/reports/cifar10_full_audit/vit_pretrained_finetuned/failure_images/02804_true-cat_pred-dog.png,false_negative_for_cat;false_positive_for_dog
2840,cifar10_test_02840,/home/tariq/Desktop/Awais-Tariq/base-KD/data/cifar-10-batches-py/test_batch,2840,cat,dog,0.9480446577072144,False,True,/home/tariq/Desktop/Awais-Tariq/base-KD/reports/cifar10_full_audit/vit_pretrained_finetuned/failure_images/02840_true-cat_pred-dog.png,false_negative_for_cat;false_positive_for_dog
2845,cifar10_test_02845,/home/tariq/Desktop/Awais-Tariq/base-KD/data/cifar-10-batches-py/test_batch,2845,dog,deer,0.995179295539856,False,False,/home/tariq/Desktop/Awais-Tariq/base-KD/reports/cifar10_full_audit/vit_pretrained_finetuned/failure_images/02845_true-dog_pred-deer.png,false_negative_for_dog;false_positive_for_deer
2854,cifar10_test_02854,/home/tariq/Desktop/Awais-Tariq/base-KD/data/cifar-10-batches-py/test_batch,2854,truck,automobile,0.9999958276748657,False,True,/home/tariq/Desktop/Awais-Tariq/base-KD/reports/cifar10_full_audit/vit_pretrained_finetuned/failure_images/02854_true-truck_pred-automobile.png,false_negative_for_truck;false_positive_for_automobile
3059,cifar10_test_03059,/home/tariq/Desktop/Awais-Tariq/base-KD/data/cifar-10-batches-py/test_batch,3059,dog,deer,0.9619340896606445,False,True,/home/tariq/Desktop/Awais-Tariq/base-KD/reports/cifar10_full_audit/vit_pretrained_finetuned/failure_images/03059_true-dog_pred-deer.png,false_negative_for_dog;false_positive_for_deer
3192,cifar10_test_03192,/home/tariq/Desktop/Awais-Tariq/base-KD/data/cifar-10-batches-py/test_batch,3192,dog,deer,0.9999979734420776,False,True,/home/tariq/Desktop/Awais-Tariq/base-KD/reports/cifar10_full_audit/vit_pretrained_finetuned/failure_images/03192_true-dog_pred-deer.png,false_negative_for_dog;false_positive_for_deer
3306,cifar10_test_03306,/home/tariq/Desktop/Awais-Tariq/base-KD/data/cifar-10-batches-py/test_batch,3306,dog,deer,0.9831667542457581,False,True,/home/tariq/Desktop/Awais-Tariq/base-KD/reports/cifar10_full_audit/vit_pretrained_finetuned/failure_images/03306_true-dog_pred-deer.png,false_negative_for_dog;false_positive_for_deer
3343,cifar10_test_03343,/home/tariq/Desktop/Awais-Tariq/base-KD/data/cifar-10-batches-py/test_batch,3343,cat,dog,0.9999051094055176,False,True,/home/tariq/Desktop/Awais-Tariq/base-KD/reports/cifar10_full_audit/vit_pretrained_finetuned/failure_images/03343_true-cat_pred-dog.png,false_negative_for_cat;false_positive_for_dog
3443,cifar10_test_03443,/home/tariq/Desktop/Awais-Tariq/base-KD/data/cifar-10-batches-py/test_batch,3443,deer,bird,0.9999884366989136,False,True,/home/tariq/Desktop/Awais-Tariq/base-KD/reports/cifar10_full_audit/vit_pretrained_finetuned/failure_images/03443_true-deer_pred-bird.png,false_negative_for_deer;false_positive_for_bird
3444,cifar10_test_03444,/home/tariq/Desktop/Awais-Tariq/base-KD/data/cifar-10-batches-py/test_batch,3444,airplane,bird,0.9999955892562866,False,True,/home/tariq/Desktop/Awais-Tariq/base-KD/reports/cifar10_full_audit/vit_pretrained_finetuned/failure_images/03444_true-airplane_pred-bird.png,false_negative_for_airplane;false_positive_for_bird
3450,cifar10_test_03450,/home/tariq/Desktop/Awais-Tariq/base-KD/data/cifar-10-batches-py/test_batch,3450,truck,automobile,0.9999946355819702,False,True,/home/tariq/Desktop/Awais-Tariq/base-KD/reports/cifar10_full_audit/vit_pretrained_finetuned/failure_images/03450_true-truck_pred-automobile.png,false_negative_for_truck;false_positive_for_automobile
3490,cifar10_test_03490,/home/tariq/Desktop/Awais-Tariq/base-KD/data/cifar-10-batches-py/test_batch,3490,airplane,ship,0.9994175434112549,False,True,/home/tariq/Desktop/Awais-Tariq/base-KD/reports/cifar10_full_audit/vit_pretrained_finetuned/failure_images/03490_true-airplane_pred-ship.png,false_negative_for_airplane;false_positive_for_ship
3501,cifar10_test_03501,/home/tariq/Desktop/Awais-Tariq/base-KD/data/cifar-10-batches-py/test_batch,3501,truck,automobile,0.9963746666908264,False,True,/home/tariq/Desktop/Awais-Tariq/base-KD/reports/cifar10_full_audit/vit_pretrained_finetuned/failure_images/03501_true-truck_pred-automobile.png,false_negative_for_truck;false_positive_for_automobile
3514,cifar10_test_03514,/home/tariq/Desktop/Awais-Tariq/base-KD/data/cifar-10-batches-py/test_batch,3514,bird,horse,0.9998606443405151,False,True,/home/tariq/Desktop/Awais-Tariq/base-KD/reports/cifar10_full_audit/vit_pretrained_finetuned/failure_images/03514_true-bird_pred-horse.png,false_negative_for_bird;false_positive_for_horse
3560,cifar10_test_03560,/home/tariq/Desktop/Awais-Tariq/base-KD/data/cifar-10-batches-py/test_batch,3560,automobile,truck,0.9999985694885254,False,True,/home/tariq/Desktop/Awais-Tariq/base-KD/reports/cifar10_full_audit/vit_pretrained_finetuned/failure_images/03560_true-automobile_pred-truck.png,false_negative_for_automobile;false_positive_for_truck
3600,cifar10_test_03600,/home/tariq/Desktop/Awais-Tariq/base-KD/data/cifar-10-batches-py/test_batch,3600,deer,dog,0.9999874830245972,False,True,/home/tariq/Desktop/Awais-Tariq/base-KD/reports/cifar10_full_audit/vit_pretrained_finetuned/failure_images/03600_true-deer_pred-dog.png,false_negative_for_deer;false_positive_for_dog
3645,cifar10_test_03645,/home/tariq/Desktop/Awais-Tariq/base-KD/data/cifar-10-batches-py/test_batch,3645,automobile,truck,0.9954715967178345,False,True,/home/tariq/Desktop/Awais-Tariq/base-KD/reports/cifar10_full_audit/vit_pretrained_finetuned/failure_images/03645_true-automobile_pred-truck.png,false_negative_for_automobile;false_positive_for_truck
3704,cifar10_test_03704,/home/tariq/Desktop/Awais-Tariq/base-KD/data/cifar-10-batches-py/test_batch,3704,dog,cat,0.9168968796730042,False,True,/home/tariq/Desktop/Awais-Tariq/base-KD/reports/cifar10_full_audit/vit_pretrained_finetuned/failure_images/03704_true-dog_pred-cat.png,false_negative_for_dog;false_positive_for_cat
3708,cifar10_test_03708,/home/tariq/Desktop/Awais-Tariq/base-KD/data/cifar-10-batches-py/test_batch,3708,deer,bird,0.8951501846313477,False,True,/home/tariq/Desktop/Awais-Tariq/base-KD/reports/cifar10_full_audit/vit_pretrained_finetuned/failure_images/03708_true-deer_pred-bird.png,false_negative_for_deer;false_positive_for_bird
3744,cifar10_test_03744,/home/tariq/Desktop/Awais-Tariq/base-KD/data/cifar-10-batches-py/test_batch,3744,deer,horse,0.9815007448196411,False,True,/home/tariq/Desktop/Awais-Tariq/base-KD/reports/cifar10_full_audit/vit_pretrained_finetuned/failure_images/03744_true-deer_pred-horse.png,false_negative_for_deer;false_positive_for_horse
3789,cifar10_test_03789,/home/tariq/Desktop/Awais-Tariq/base-KD/data/cifar-10-batches-py/test_batch,3789,truck,automobile,0.9999997615814209,False,True,/home/tariq/Desktop/Awais-Tariq/base-KD/reports/cifar10_full_audit/vit_pretrained_finetuned/failure_images/03789_true-truck_pred-automobile.png,false_negative_for_truck;false_positive_for_automobile
3799,cifar10_test_03799,/home/tariq/Desktop/Awais-Tariq/base-KD/data/cifar-10-batches-py/test_batch,3799,cat,dog,0.630188524723053,False,True,/home/tariq/Desktop/Awais-Tariq/base-KD/reports/cifar10_full_audit/vit_pretrained_finetuned/failure_images/03799_true-cat_pred-dog.png,false_negative_for_cat;false_positive_for_dog
3867,cifar10_test_03867,/home/tariq/Desktop/Awais-Tariq/base-KD/data/cifar-10-batches-py/test_batch,3867,cat,dog,0.8441007137298584,False,True,/home/tariq/Desktop/Awais-Tariq/base-KD/reports/cifar10_full_audit/vit_pretrained_finetuned/failure_images/03867_true-cat_pred-dog.png,false_negative_for_cat;false_positive_for_dog
3977,cifar10_test_03977,/home/tariq/Desktop/Awais-Tariq/base-KD/data/cifar-10-batches-py/test_batch,3977,cat,frog,0.9999648332595825,False,True,/home/tariq/Desktop/Awais-Tariq/base-KD/reports/cifar10_full_audit/vit_pretrained_finetuned/failure_images/03977_true-cat_pred-frog.png,false_negative_for_cat;false_positive_for_frog
4012,cifar10_test_04012,/home/tariq/Desktop/Awais-Tariq/base-KD/data/cifar-10-batches-py/test_batch,4012,cat,dog,0.9690784811973572,False,True,/home/tariq/Desktop/Awais-Tariq/base-KD/reports/cifar10_full_audit/vit_pretrained_finetuned/failure_images/04012_true-cat_pred-dog.png,false_negative_for_cat;false_positive_for_dog
4016,cifar10_test_04016,/home/tariq/Desktop/Awais-Tariq/base-KD/data/cifar-10-batches-py/test_batch,4016,frog,bird,0.8767281174659729,False,True,/home/tariq/Desktop/Awais-Tariq/base-KD/reports/cifar10_full_audit/vit_pretrained_finetuned/failure_images/04016_true-frog_pred-bird.png,false_negative_for_frog;false_positive_for_bird
4054,cifar10_test_04054,/home/tariq/Desktop/Awais-Tariq/base-KD/data/cifar-10-batches-py/test_batch,4054,horse,truck,0.8271800875663757,False,True,/home/tariq/Desktop/Awais-Tariq/base-KD/reports/cifar10_full_audit/vit_pretrained_finetuned/failure_images/04054_true-horse_pred-truck.png,false_negative_for_horse;false_positive_for_truck
4152,cifar10_test_04152,/home/tariq/Desktop/Awais-Tariq/base-KD/data/cifar-10-batches-py/test_batch,4152,dog,cat,0.999976396560669,False,True,/home/tariq/Desktop/Awais-Tariq/base-KD/reports/cifar10_full_audit/vit_pretrained_finetuned/failure_images/04152_true-dog_pred-cat.png,false_negative_for_dog;false_positive_for_cat
4198,cifar10_test_04198,/home/tariq/Desktop/Awais-Tariq/base-KD/data/cifar-10-batches-py/test_batch,4198,ship,airplane,0.897052526473999,False,True,/home/tariq/Desktop/Awais-Tariq/base-KD/reports/cifar10_full_audit/vit_pretrained_finetuned/failure_images/04198_true-ship_pred-airplane.png,false_negative_for_ship;false_positive_for_airplane
4255,cifar10_test_04255,/home/tariq/Desktop/Awais-Tariq/base-KD/data/cifar-10-batches-py/test_batch,4255,truck,frog,0.9974406957626343,False,True,/home/tariq/Desktop/Awais-Tariq/base-KD/reports/cifar10_full_audit/vit_pretrained_finetuned/failure_images/04255_true-truck_pred-frog.png,false_negative_for_truck;false_positive_for_frog
4276,cifar10_test_04276,/home/tariq/Desktop/Awais-Tariq/base-KD/data/cifar-10-batches-py/test_batch,4276,truck,automobile,0.9999743700027466,False,True,/home/tariq/Desktop/Awais-Tariq/base-KD/reports/cifar10_full_audit/vit_pretrained_finetuned/failure_images/04276_true-truck_pred-automobile.png,false_negative_for_truck;false_positive_for_automobile
4309,cifar10_test_04309,/home/tariq/Desktop/Awais-Tariq/base-KD/data/cifar-10-batches-py/test_batch,4309,horse,deer,0.9954426288604736,False,True,/home/tariq/Desktop/Awais-Tariq/base-KD/reports/cifar10_full_audit/vit_pretrained_finetuned/failure_images/04309_true-horse_pred-deer.png,false_negative_for_horse;false_positive_for_deer
4495,cifar10_test_04495,/home/tariq/Desktop/Awais-Tariq/base-KD/data/cifar-10-batches-py/test_batch,4495,cat,dog,0.9978128671646118,False,True,/home/tariq/Desktop/Awais-Tariq/base-KD/reports/cifar10_full_audit/vit_pretrained_finetuned/failure_images/04495_true-cat_pred-dog.png,false_negative_for_cat;false_positive_for_dog
4528,cifar10_test_04528,/home/tariq/Desktop/Awais-Tariq/base-KD/data/cifar-10-batches-py/test_batch,4528,dog,deer,0.9437574744224548,False,True,/home/tariq/Desktop/Awais-Tariq/base-KD/reports/cifar10_full_audit/vit_pretrained_finetuned/failure_images/04528_true-dog_pred-deer.png,false_negative_for_dog;false_positive_for_deer
4555,cifar10_test_04555,/home/tariq/Desktop/Awais-Tariq/base-KD/data/cifar-10-batches-py/test_batch,4555,dog,cat,0.9996739625930786,False,True,/home/tariq/Desktop/Awais-Tariq/base-KD/reports/cifar10_full_audit/vit_pretrained_finetuned/failure_images/04555_true-dog_pred-cat.png,false_negative_for_dog;false_positive_for_cat
4590,cifar10_test_04590,/home/tariq/Desktop/Awais-Tariq/base-KD/data/cifar-10-batches-py/test_batch,4590,truck,automobile,0.6311058402061462,False,True,/home/tariq/Desktop/Awais-Tariq/base-KD/reports/cifar10_full_audit/vit_pretrained_finetuned/failure_images/04590_true-truck_pred-automobile.png,false_negative_for_truck;false_positive_for_automobile
4614,cifar10_test_04614,/home/tariq/Desktop/Awais-Tariq/base-KD/data/cifar-10-batches-py/test_batch,4614,cat,dog,0.9999051094055176,False,True,/home/tariq/Desktop/Awais-Tariq/base-KD/reports/cifar10_full_audit/vit_pretrained_finetuned/failure_images/04614_true-cat_pred-dog.png,false_negative_for_cat;false_positive_for_dog
4646,cifar10_test_04646,/home/tariq/Desktop/Awais-Tariq/base-KD/data/cifar-10-batches-py/test_batch,4646,bird,cat,0.9999969005584717,False,True,/home/tariq/Desktop/Awais-Tariq/base-KD/reports/cifar10_full_audit/vit_pretrained_finetuned/failure_images/04646_true-bird_pred-cat.png,false_negative_for_bird;false_positive_for_cat
4686,cifar10_test_04686,/home/tariq/Desktop/Awais-Tariq/base-KD/data/cifar-10-batches-py/test_batch,4686,airplane,ship,0.9997580647468567,False,True,/home/tariq/Desktop/Awais-Tariq/base-KD/reports/cifar10_full_audit/vit_pretrained_finetuned/failure_images/04686_true-airplane_pred-ship.png,false_negative_for_airplane;false_positive_for_ship
4740,cifar10_test_04740,/home/tariq/Desktop/Awais-Tariq/base-KD/data/cifar-10-batches-py/test_batch,4740,dog,cat,0.9999784231185913,False,True,/home/tariq/Desktop/Awais-Tariq/base-KD/reports/cifar10_full_audit/vit_pretrained_finetuned/failure_images/04740_true-dog_pred-cat.png,false_negative_for_dog;false_positive_for_cat
4784,cifar10_test_04784,/home/tariq/Desktop/Awais-Tariq/base-KD/data/cifar-10-batches-py/test_batch,4784,airplane,ship,0.9895656108856201,False,True,/home/tariq/Desktop/Awais-Tariq/base-KD/reports/cifar10_full_audit/vit_pretrained_finetuned/failure_images/04784_true-airplane_pred-ship.png,false_negative_for_airplane;false_positive_for_ship
4906,cifar10_test_04906,/home/tariq/Desktop/Awais-Tariq/base-KD/data/cifar-10-batches-py/test_batch,4906,dog,cat,0.9998878240585327,False,True,/home/tariq/Desktop/Awais-Tariq/base-KD/reports/cifar10_full_audit/vit_pretrained_finetuned/failure_images/04906_true-dog_pred-cat.png,false_negative_for_dog;false_positive_for_cat
4910,cifar10_test_04910,/home/tariq/Desktop/Awais-Tariq/base-KD/data/cifar-10-batches-py/test_batch,4910,ship,truck,0.9999651908874512,False,True,/home/tariq/Desktop/Awais-Tariq/base-KD/reports/cifar10_full_audit/vit_pretrained_finetuned/failure_images/04910_true-ship_pred-truck.png,false_negative_for_ship;false_positive_for_truck
4931,cifar10_test_04931,/home/tariq/Desktop/Awais-Tariq/base-KD/data/cifar-10-batches-py/test_batch,4931,truck,automobile,0.9999936819076538,False,True,/home/tariq/Desktop/Awais-Tariq/base-KD/reports/cifar10_full_audit/vit_pretrained_finetuned/failure_images/04931_true-truck_pred-automobile.png,false_negative_for_truck;false_positive_for_automobile
4964,cifar10_test_04964,/home/tariq/Desktop/Awais-Tariq/base-KD/data/cifar-10-batches-py/test_batch,4964,dog,horse,0.9999661445617676,False,True,/home/tariq/Desktop/Awais-Tariq/base-KD/reports/cifar10_full_audit/vit_pretrained_finetuned/failure_images/04964_true-dog_pred-horse.png,false_negative_for_dog;false_positive_for_horse
4965,cifar10_test_04965,/home/tariq/Desktop/Awais-Tariq/base-KD/data/cifar-10-batches-py/test_batch,4965,cat,deer,0.999969482421875,False,True,/home/tariq/Desktop/Awais-Tariq/base-KD/reports/cifar10_full_audit/vit_pretrained_finetuned/failure_images/04965_true-cat_pred-deer.png,false_negative_for_cat;false_positive_for_deer
4970,cifar10_test_04970,/home/tariq/Desktop/Awais-Tariq/base-KD/data/cifar-10-batches-py/test_batch,4970,bird,cat,0.9996899366378784,False,True,/home/tariq/Desktop/Awais-Tariq/base-KD/reports/cifar10_full_audit/vit_pretrained_finetuned/failure_images/04970_true-bird_pred-cat.png,false_negative_for_bird;false_positive_for_cat
4985,cifar10_test_04985,/home/tariq/Desktop/Awais-Tariq/base-KD/data/cifar-10-batches-py/test_batch,4985,deer,horse,0.7841150760650635,False,True,/home/tariq/Desktop/Awais-Tariq/base-KD/reports/cifar10_full_audit/vit_pretrained_finetuned/failure_images/04985_true-deer_pred-horse.png,false_negative_for_deer;false_positive_for_horse
5141,cifar10_test_05141,/home/tariq/Desktop/Awais-Tariq/base-KD/data/cifar-10-batches-py/test_batch,5141,frog,cat,0.9999481439590454,False,True,/home/tariq/Desktop/Awais-Tariq/base-KD/reports/cifar10_full_audit/vit_pretrained_finetuned/failure_images/05141_true-frog_pred-cat.png,false_negative_for_frog;false_positive_for_cat
5166,cifar10_test_05166,/home/tariq/Desktop/Awais-Tariq/base-KD/data/cifar-10-batches-py/test_batch,5166,truck,ship,0.9995032548904419,False,True,/home/tariq/Desktop/Awais-Tariq/base-KD/reports/cifar10_full_audit/vit_pretrained_finetuned/failure_images/05166_true-truck_pred-ship.png,false_negative_for_truck;false_positive_for_ship
5211,cifar10_test_05211,/home/tariq/Desktop/Awais-Tariq/base-KD/data/cifar-10-batches-py/test_batch,5211,horse,deer,0.9997132420539856,False,True,/home/tariq/Desktop/Awais-Tariq/base-KD/reports/cifar10_full_audit/vit_pretrained_finetuned/failure_images/05211_true-horse_pred-deer.png,false_negative_for_horse;false_positive_for_deer
5233,cifar10_test_05233,/home/tariq/Desktop/Awais-Tariq/base-KD/data/cifar-10-batches-py/test_batch,5233,automobile,truck,0.9990224838256836,False,True,/home/tariq/Desktop/Awais-Tariq/base-KD/reports/cifar10_full_audit/vit_pretrained_finetuned/failure_images/05233_true-automobile_pred-truck.png,false_negative_for_automobile;false_positive_for_truck
5410,cifar10_test_05410,/home/tariq/Desktop/Awais-Tariq/base-KD/data/cifar-10-batches-py/test_batch,5410,cat,dog,0.9999970197677612,False,True,/home/tariq/Desktop/Awais-Tariq/base-KD/reports/cifar10_full_audit/vit_pretrained_finetuned/failure_images/05410_true-cat_pred-dog.png,false_negative_for_cat;false_positive_for_dog
5416,cifar10_test_05416,/home/tariq/Desktop/Awais-Tariq/base-KD/data/cifar-10-batches-py/test_batch,5416,truck,automobile,0.9999924898147583,False,True,/home/tariq/Desktop/Awais-Tariq/base-KD/reports/cifar10_full_audit/vit_pretrained_finetuned/failure_images/05416_true-truck_pred-automobile.png,false_negative_for_truck;false_positive_for_automobile
5426,cifar10_test_05426,/home/tariq/Desktop/Awais-Tariq/base-KD/data/cifar-10-batches-py/test_batch,5426,dog,cat,0.9999829530715942,False,True,/home/tariq/Desktop/Awais-Tariq/base-KD/reports/cifar10_full_audit/vit_pretrained_finetuned/failure_images/05426_true-dog_pred-cat.png,false_negative_for_dog;false_positive_for_cat
5455,cifar10_test_05455,/home/tariq/Desktop/Awais-Tariq/base-KD/data/cifar-10-batches-py/test_batch,5455,truck,automobile,0.9999432563781738,False,True,/home/tariq/Desktop/Awais-Tariq/base-KD/reports/cifar10_full_audit/vit_pretrained_finetuned/failure_images/05455_true-truck_pred-automobile.png,false_negative_for_truck;false_positive_for_automobile
5458,cifar10_test_05458,/home/tariq/Desktop/Awais-Tariq/base-KD/data/cifar-10-batches-py/test_batch,5458,cat,frog,0.9987647533416748,False,True,/home/tariq/Desktop/Awais-Tariq/base-KD/reports/cifar10_full_audit/vit_pretrained_finetuned/failure_images/05458_true-cat_pred-frog.png,false_negative_for_cat;false_positive_for_frog
5609,cifar10_test_05609,/home/tariq/Desktop/Awais-Tariq/base-KD/data/cifar-10-batches-py/test_batch,5609,dog,cat,0.920328676700592,False,True,/home/tariq/Desktop/Awais-Tariq/base-KD/reports/cifar10_full_audit/vit_pretrained_finetuned/failure_images/05609_true-dog_pred-cat.png,false_negative_for_dog;false_positive_for_cat
5690,cifar10_test_05690,/home/tariq/Desktop/Awais-Tariq/base-KD/data/cifar-10-batches-py/test_batch,5690,horse,dog,0.9942378997802734,False,True,/home/tariq/Desktop/Awais-Tariq/base-KD/reports/cifar10_full_audit/vit_pretrained_finetuned/failure_images/05690_true-horse_pred-dog.png,false_negative_for_horse;false_positive_for_dog
5816,cifar10_test_05816,/home/tariq/Desktop/Awais-Tariq/base-KD/data/cifar-10-batches-py/test_batch,5816,dog,cat,0.9996938705444336,False,True,/home/tariq/Desktop/Awais-Tariq/base-KD/reports/cifar10_full_audit/vit_pretrained_finetuned/failure_images/05816_true-dog_pred-cat.png,false_negative_for_dog;false_positive_for_cat
5830,cifar10_test_05830,/home/tariq/Desktop/Awais-Tariq/base-KD/data/cifar-10-batches-py/test_batch,5830,dog,cat,0.9998767375946045,False,True,/home/tariq/Desktop/Awais-Tariq/base-KD/reports/cifar10_full_audit/vit_pretrained_finetuned/failure_images/05830_true-dog_pred-cat.png,false_negative_for_dog;false_positive_for_cat
5864,cifar10_test_05864,/home/tariq/Desktop/Awais-Tariq/base-KD/data/cifar-10-batches-py/test_batch,5864,truck,automobile,0.9999951124191284,False,True,/home/tariq/Desktop/Awais-Tariq/base-KD/reports/cifar10_full_audit/vit_pretrained_finetuned/failure_images/05864_true-truck_pred-automobile.png,false_negative_for_truck;false_positive_for_automobile
5881,cifar10_test_05881,/home/tariq/Desktop/Awais-Tariq/base-KD/data/cifar-10-batches-py/test_batch,5881,cat,dog,0.5298681259155273,False,True,/home/tariq/Desktop/Awais-Tariq/base-KD/reports/cifar10_full_audit/vit_pretrained_finetuned/failure_images/05881_true-cat_pred-dog.png,false_negative_for_cat;false_positive_for_dog
6197,cifar10_test_06197,/home/tariq/Desktop/Awais-Tariq/base-KD/data/cifar-10-batches-py/test_batch,6197,deer,cat,0.9986802935600281,False,True,/home/tariq/Desktop/Awais-Tariq/base-KD/reports/cifar10_full_audit/vit_pretrained_finetuned/failure_images/06197_true-deer_pred-cat.png,false_negative_for_deer;false_positive_for_cat
6204,cifar10_test_06204,/home/tariq/Desktop/Awais-Tariq/base-KD/data/cifar-10-batches-py/test_batch,6204,deer,horse,0.9997561573982239,False,True,/home/tariq/Desktop/Awais-Tariq/base-KD/reports/cifar10_full_audit/vit_pretrained_finetuned/failure_images/06204_true-deer_pred-horse.png,false_negative_for_deer;false_positive_for_horse
6257,cifar10_test_06257,/home/tariq/Desktop/Awais-Tariq/base-KD/data/cifar-10-batches-py/test_batch,6257,dog,cat,0.9882212281227112,False,True,/home/tariq/Desktop/Awais-Tariq/base-KD/reports/cifar10_full_audit/vit_pretrained_finetuned/failure_images/06257_true-dog_pred-cat.png,false_negative_for_dog;false_positive_for_cat
6364,cifar10_test_06364,/home/tariq/Desktop/Awais-Tariq/base-KD/data/cifar-10-batches-py/test_batch,6364,cat,dog,0.9992141723632812,False,True,/home/tariq/Desktop/Awais-Tariq/base-KD/reports/cifar10_full_audit/vit_pretrained_finetuned/failure_images/06364_true-cat_pred-dog.png,false_negative_for_cat;false_positive_for_dog
6381,cifar10_test_06381,/home/tariq/Desktop/Awais-Tariq/base-KD/data/cifar-10-batches-py/test_batch,6381,truck,automobile,0.9999935626983643,False,True,/home/tariq/Desktop/Awais-Tariq/base-KD/reports/cifar10_full_audit/vit_pretrained_finetuned/failure_images/06381_true-truck_pred-automobile.png,false_negative_for_truck;false_positive_for_automobile
6545,cifar10_test_06545,/home/tariq/Desktop/Awais-Tariq/base-KD/data/cifar-10-batches-py/test_batch,6545,truck,ship,0.9945759773254395,False,True,/home/tariq/Desktop/Awais-Tariq/base-KD/reports/cifar10_full_audit/vit_pretrained_finetuned/failure_images/06545_true-truck_pred-ship.png,false_negative_for_truck;false_positive_for_ship
6669,cifar10_test_06669,/home/tariq/Desktop/Awais-Tariq/base-KD/data/cifar-10-batches-py/test_batch,6669,dog,deer,0.907192051410675,False,True,/home/tariq/Desktop/Awais-Tariq/base-KD/reports/cifar10_full_audit/vit_pretrained_finetuned/failure_images/06669_true-dog_pred-deer.png,false_negative_for_dog;false_positive_for_deer
6750,cifar10_test_06750,/home/tariq/Desktop/Awais-Tariq/base-KD/data/cifar-10-batches-py/test_batch,6750,deer,cat,0.99991774559021,False,True,/home/tariq/Desktop/Awais-Tariq/base-KD/reports/cifar10_full_audit/vit_pretrained_finetuned/failure_images/06750_true-deer_pred-cat.png,false_negative_for_deer;false_positive_for_cat
6859,cifar10_test_06859,/home/tariq/Desktop/Awais-Tariq/base-KD/data/cifar-10-batches-py/test_batch,6859,cat,automobile,0.9999983310699463,False,True,/home/tariq/Desktop/Awais-Tariq/base-KD/reports/cifar10_full_audit/vit_pretrained_finetuned/failure_images/06859_true-cat_pred-automobile.png,false_negative_for_cat;false_positive_for_automobile
6966,cifar10_test_06966,/home/tariq/Desktop/Awais-Tariq/base-KD/data/cifar-10-batches-py/test_batch,6966,airplane,ship,0.8040655255317688,False,True,/home/tariq/Desktop/Awais-Tariq/base-KD/reports/cifar10_full_audit/vit_pretrained_finetuned/failure_images/06966_true-airplane_pred-ship.png,false_negative_for_airplane;false_positive_for_ship
6970,cifar10_test_06970,/home/tariq/Desktop/Awais-Tariq/base-KD/data/cifar-10-batches-py/test_batch,6970,airplane,cat,0.9746082425117493,False,True,/home/tariq/Desktop/Awais-Tariq/base-KD/reports/cifar10_full_audit/vit_pretrained_finetuned/failure_images/06970_true-airplane_pred-cat.png,false_negative_for_airplane;false_positive_for_cat
6973,cifar10_test_06973,/home/tariq/Desktop/Awais-Tariq/base-KD/data/cifar-10-batches-py/test_batch,6973,cat,dog,0.9998916387557983,False,True,/home/tariq/Desktop/Awais-Tariq/base-KD/reports/cifar10_full_audit/vit_pretrained_finetuned/failure_images/06973_true-cat_pred-dog.png,false_negative_for_cat;false_positive_for_dog
7000,cifar10_test_07000,/home/tariq/Desktop/Awais-Tariq/base-KD/data/cifar-10-batches-py/test_batch,7000,bird,ship,0.9999979734420776,False,True,/home/tariq/Desktop/Awais-Tariq/base-KD/reports/cifar10_full_audit/vit_pretrained_finetuned/failure_images/07000_true-bird_pred-ship.png,false_negative_for_bird;false_positive_for_ship
7002,cifar10_test_07002,/home/tariq/Desktop/Awais-Tariq/base-KD/data/cifar-10-batches-py/test_batch,7002,cat,dog,0.9989456534385681,False,True,/home/tariq/Desktop/Awais-Tariq/base-KD/reports/cifar10_full_audit/vit_pretrained_finetuned/failure_images/07002_true-cat_pred-dog.png,false_negative_for_cat;false_positive_for_dog
7099,cifar10_test_07099,/home/tariq/Desktop/Awais-Tariq/base-KD/data/cifar-10-batches-py/test_batch,7099,cat,dog,0.999998927116394,False,True,/home/tariq/Desktop/Awais-Tariq/base-KD/reports/cifar10_full_audit/vit_pretrained_finetuned/failure_images/07099_true-cat_pred-dog.png,false_negative_for_cat;false_positive_for_dog
7143,cifar10_test_07143,/home/tariq/Desktop/Awais-Tariq/base-KD/data/cifar-10-batches-py/test_batch,7143,deer,cat,0.9298375248908997,False,True,/home/tariq/Desktop/Awais-Tariq/base-KD/reports/cifar10_full_audit/vit_pretrained_finetuned/failure_images/07143_true-deer_pred-cat.png,false_negative_for_deer;false_positive_for_cat
7150,cifar10_test_07150,/home/tariq/Desktop/Awais-Tariq/base-KD/data/cifar-10-batches-py/test_batch,7150,cat,horse,0.9999262094497681,False,True,/home/tariq/Desktop/Awais-Tariq/base-KD/reports/cifar10_full_audit/vit_pretrained_finetuned/failure_images/07150_true-cat_pred-horse.png,false_negative_for_cat;false_positive_for_horse
7202,cifar10_test_07202,/home/tariq/Desktop/Awais-Tariq/base-KD/data/cifar-10-batches-py/test_batch,7202,cat,dog,0.857473611831665,False,True,/home/tariq/Desktop/Awais-Tariq/base-KD/reports/cifar10_full_audit/vit_pretrained_finetuned/failure_images/07202_true-cat_pred-dog.png,false_negative_for_cat;false_positive_for_dog
7311,cifar10_test_07311,/home/tariq/Desktop/Awais-Tariq/base-KD/data/cifar-10-batches-py/test_batch,7311,automobile,truck,0.9997729659080505,False,True,/home/tariq/Desktop/Awais-Tariq/base-KD/reports/cifar10_full_audit/vit_pretrained_finetuned/failure_images/07311_true-automobile_pred-truck.png,false_negative_for_automobile;false_positive_for_truck
7429,cifar10_test_07429,/home/tariq/Desktop/Awais-Tariq/base-KD/data/cifar-10-batches-py/test_batch,7429,dog,cat,0.8153176307678223,False,True,/home/tariq/Desktop/Awais-Tariq/base-KD/reports/cifar10_full_audit/vit_pretrained_finetuned/failure_images/07429_true-dog_pred-cat.png,false_negative_for_dog;false_positive_for_cat
7439,cifar10_test_07439,/home/tariq/Desktop/Awais-Tariq/base-KD/data/cifar-10-batches-py/test_batch,7439,dog,cat,0.9999967813491821,False,True,/home/tariq/Desktop/Awais-Tariq/base-KD/reports/cifar10_full_audit/vit_pretrained_finetuned/failure_images/07439_true-dog_pred-cat.png,false_negative_for_dog;false_positive_for_cat
7444,cifar10_test_07444,/home/tariq/Desktop/Awais-Tariq/base-KD/data/cifar-10-batches-py/test_batch,7444,truck,automobile,0.9999793767929077,False,True,/home/tariq/Desktop/Awais-Tariq/base-KD/reports/cifar10_full_audit/vit_pretrained_finetuned/failure_images/07444_true-truck_pred-automobile.png,false_negative_for_truck;false_positive_for_automobile
7524,cifar10_test_07524,/home/tariq/Desktop/Awais-Tariq/base-KD/data/cifar-10-batches-py/test_batch,7524,cat,ship,0.9789496660232544,False,False,/home/tariq/Desktop/Awais-Tariq/base-KD/reports/cifar10_full_audit/vit_pretrained_finetuned/failure_images/07524_true-cat_pred-ship.png,false_negative_for_cat;false_positive_for_ship
7617,cifar10_test_07617,/home/tariq/Desktop/Awais-Tariq/base-KD/data/cifar-10-batches-py/test_batch,7617,bird,airplane,0.8939356207847595,False,True,/home/tariq/Desktop/Awais-Tariq/base-KD/reports/cifar10_full_audit/vit_pretrained_finetuned/failure_images/07617_true-bird_pred-airplane.png,false_negative_for_bird;false_positive_for_airplane
7657,cifar10_test_07657,/home/tariq/Desktop/Awais-Tariq/base-KD/data/cifar-10-batches-py/test_batch,7657,bird,horse,0.9999562501907349,False,True,/home/tariq/Desktop/Awais-Tariq/base-KD/reports/cifar10_full_audit/vit_pretrained_finetuned/failure_images/07657_true-bird_pred-horse.png,false_negative_for_bird;false_positive_for_horse
7730,cifar10_test_07730,/home/tariq/Desktop/Awais-Tariq/base-KD/data/cifar-10-batches-py/test_batch,7730,deer,cat,0.9926949739456177,False,True,/home/tariq/Desktop/Awais-Tariq/base-KD/reports/cifar10_full_audit/vit_pretrained_finetuned/failure_images/07730_true-deer_pred-cat.png,false_negative_for_deer;false_positive_for_cat
7761,cifar10_test_07761,/home/tariq/Desktop/Awais-Tariq/base-KD/data/cifar-10-batches-py/test_batch,7761,bird,cat,0.9988425374031067,False,True,/home/tariq/Desktop/Awais-Tariq/base-KD/reports/cifar10_full_audit/vit_pretrained_finetuned/failure_images/07761_true-bird_pred-cat.png,false_negative_for_bird;false_positive_for_cat
7784,cifar10_test_07784,/home/tariq/Desktop/Awais-Tariq/base-KD/data/cifar-10-batches-py/test_batch,7784,horse,deer,0.9991748929023743,False,True,/home/tariq/Desktop/Awais-Tariq/base-KD/reports/cifar10_full_audit/vit_pretrained_finetuned/failure_images/07784_true-horse_pred-deer.png,false_negative_for_horse;false_positive_for_deer
7806,cifar10_test_07806,/home/tariq/Desktop/Awais-Tariq/base-KD/data/cifar-10-batches-py/test_batch,7806,truck,automobile,0.9900941252708435,False,True,/home/tariq/Desktop/Awais-Tariq/base-KD/reports/cifar10_full_audit/vit_pretrained_finetuned/failure_images/07806_true-truck_pred-automobile.png,false_negative_for_truck;false_positive_for_automobile
7853,cifar10_test_07853,/home/tariq/Desktop/Awais-Tariq/base-KD/data/cifar-10-batches-py/test_batch,7853,cat,deer,0.9992319345474243,False,False,/home/tariq/Desktop/Awais-Tariq/base-KD/reports/cifar10_full_audit/vit_pretrained_finetuned/failure_images/07853_true-cat_pred-deer.png,false_negative_for_cat;false_positive_for_deer
7892,cifar10_test_07892,/home/tariq/Desktop/Awais-Tariq/base-KD/data/cifar-10-batches-py/test_batch,7892,automobile,truck,0.9995633959770203,False,True,/home/tariq/Desktop/Awais-Tariq/base-KD/reports/cifar10_full_audit/vit_pretrained_finetuned/failure_images/07892_true-automobile_pred-truck.png,false_negative_for_automobile;false_positive_for_truck
7896,cifar10_test_07896,/home/tariq/Desktop/Awais-Tariq/base-KD/data/cifar-10-batches-py/test_batch,7896,deer,bird,0.9998595714569092,False,True,/home/tariq/Desktop/Awais-Tariq/base-KD/reports/cifar10_full_audit/vit_pretrained_finetuned/failure_images/07896_true-deer_pred-bird.png,false_negative_for_deer;false_positive_for_bird
7941,cifar10_test_07941,/home/tariq/Desktop/Awais-Tariq/base-KD/data/cifar-10-batches-py/test_batch,7941,dog,deer,0.5191331505775452,False,True,/home/tariq/Desktop/Awais-Tariq/base-KD/reports/cifar10_full_audit/vit_pretrained_finetuned/failure_images/07941_true-dog_pred-deer.png,false_negative_for_dog;false_positive_for_deer
7967,cifar10_test_07967,/home/tariq/Desktop/Awais-Tariq/base-KD/data/cifar-10-batches-py/test_batch,7967,truck,automobile,0.9999452829360962,False,True,/home/tariq/Desktop/Awais-Tariq/base-KD/reports/cifar10_full_audit/vit_pretrained_finetuned/failure_images/07967_true-truck_pred-automobile.png,false_negative_for_truck;false_positive_for_automobile
8014,cifar10_test_08014,/home/tariq/Desktop/Awais-Tariq/base-KD/data/cifar-10-batches-py/test_batch,8014,bird,deer,0.6344059705734253,False,True,/home/tariq/Desktop/Awais-Tariq/base-KD/reports/cifar10_full_audit/vit_pretrained_finetuned/failure_images/08014_true-bird_pred-deer.png,false_negative_for_bird;false_positive_for_deer
8058,cifar10_test_08058,/home/tariq/Desktop/Awais-Tariq/base-KD/data/cifar-10-batches-py/test_batch,8058,deer,horse,0.9999862909317017,False,True,/home/tariq/Desktop/Awais-Tariq/base-KD/reports/cifar10_full_audit/vit_pretrained_finetuned/failure_images/08058_true-deer_pred-horse.png,false_negative_for_deer;false_positive_for_horse
8172,cifar10_test_08172,/home/tariq/Desktop/Awais-Tariq/base-KD/data/cifar-10-batches-py/test_batch,8172,dog,cat,0.9980812072753906,False,True,/home/tariq/Desktop/Awais-Tariq/base-KD/reports/cifar10_full_audit/vit_pretrained_finetuned/failure_images/08172_true-dog_pred-cat.png,false_negative_for_dog;false_positive_for_cat
8178,cifar10_test_08178,/home/tariq/Desktop/Awais-Tariq/base-KD/data/cifar-10-batches-py/test_batch,8178,truck,automobile,0.8614041805267334,False,True,/home/tariq/Desktop/Awais-Tariq/base-KD/reports/cifar10_full_audit/vit_pretrained_finetuned/failure_images/08178_true-truck_pred-automobile.png,false_negative_for_truck;false_positive_for_automobile
8268,cifar10_test_08268,/home/tariq/Desktop/Awais-Tariq/base-KD/data/cifar-10-batches-py/test_batch,8268,dog,cat,0.5362474918365479,False,True,/home/tariq/Desktop/Awais-Tariq/base-KD/reports/cifar10_full_audit/vit_pretrained_finetuned/failure_images/08268_true-dog_pred-cat.png,false_negative_for_dog;false_positive_for_cat
8296,cifar10_test_08296,/home/tariq/Desktop/Awais-Tariq/base-KD/data/cifar-10-batches-py/test_batch,8296,dog,cat,0.9997907280921936,False,True,/home/tariq/Desktop/Awais-Tariq/base-KD/reports/cifar10_full_audit/vit_pretrained_finetuned/failure_images/08296_true-dog_pred-cat.png,false_negative_for_dog;false_positive_for_cat
8354,cifar10_test_08354,/home/tariq/Desktop/Awais-Tariq/base-KD/data/cifar-10-batches-py/test_batch,8354,deer,cat,0.8828279972076416,False,True,/home/tariq/Desktop/Awais-Tariq/base-KD/reports/cifar10_full_audit/vit_pretrained_finetuned/failure_images/08354_true-deer_pred-cat.png,false_negative_for_deer;false_positive_for_cat
8514,cifar10_test_08514,/home/tariq/Desktop/Awais-Tariq/base-KD/data/cifar-10-batches-py/test_batch,8514,horse,dog,0.9999959468841553,False,True,/home/tariq/Desktop/Awais-Tariq/base-KD/reports/cifar10_full_audit/vit_pretrained_finetuned/failure_images/08514_true-horse_pred-dog.png,false_negative_for_horse;false_positive_for_dog
8576,cifar10_test_08576,/home/tariq/Desktop/Awais-Tariq/base-KD/data/cifar-10-batches-py/test_batch,8576,bird,airplane,0.9969213008880615,False,True,/home/tariq/Desktop/Awais-Tariq/base-KD/reports/cifar10_full_audit/vit_pretrained_finetuned/failure_images/08576_true-bird_pred-airplane.png,false_negative_for_bird;false_positive_for_airplane
8589,cifar10_test_08589,/home/tariq/Desktop/Awais-Tariq/base-KD/data/cifar-10-batches-py/test_batch,8589,dog,cat,0.9995001554489136,False,True,/home/tariq/Desktop/Awais-Tariq/base-KD/reports/cifar10_full_audit/vit_pretrained_finetuned/failure_images/08589_true-dog_pred-cat.png,false_negative_for_dog;false_positive_for_cat
8778,cifar10_test_08778,/home/tariq/Desktop/Awais-Tariq/base-KD/data/cifar-10-batches-py/test_batch,8778,cat,airplane,0.9861088395118713,False,True,/home/tariq/Desktop/Awais-Tariq/base-KD/reports/cifar10_full_audit/vit_pretrained_finetuned/failure_images/08778_true-cat_pred-airplane.png,false_negative_for_cat;false_positive_for_airplane
8877,cifar10_test_08877,/home/tariq/Desktop/Awais-Tariq/base-KD/data/cifar-10-batches-py/test_batch,8877,truck,automobile,0.9988929629325867,False,True,/home/tariq/Desktop/Awais-Tariq/base-KD/reports/cifar10_full_audit/vit_pretrained_finetuned/failure_images/08877_true-truck_pred-automobile.png,false_negative_for_truck;false_positive_for_automobile
9103,cifar10_test_09103,/home/tariq/Desktop/Awais-Tariq/base-KD/data/cifar-10-batches-py/test_batch,9103,horse,dog,0.987024188041687,False,True,/home/tariq/Desktop/Awais-Tariq/base-KD/reports/cifar10_full_audit/vit_pretrained_finetuned/failure_images/09103_true-horse_pred-dog.png,false_negative_for_horse;false_positive_for_dog
9132,cifar10_test_09132,/home/tariq/Desktop/Awais-Tariq/base-KD/data/cifar-10-batches-py/test_batch,9132,bird,frog,0.9999736547470093,False,True,/home/tariq/Desktop/Awais-Tariq/base-KD/reports/cifar10_full_audit/vit_pretrained_finetuned/failure_images/09132_true-bird_pred-frog.png,false_negative_for_bird;false_positive_for_frog
9227,cifar10_test_09227,/home/tariq/Desktop/Awais-Tariq/base-KD/data/cifar-10-batches-py/test_batch,9227,automobile,truck,0.9999990463256836,False,True,/home/tariq/Desktop/Awais-Tariq/base-KD/reports/cifar10_full_audit/vit_pretrained_finetuned/failure_images/09227_true-automobile_pred-truck.png,false_negative_for_automobile;false_positive_for_truck
9254,cifar10_test_09254,/home/tariq/Desktop/Awais-Tariq/base-KD/data/cifar-10-batches-py/test_batch,9254,horse,dog,0.9997513890266418,False,True,/home/tariq/Desktop/Awais-Tariq/base-KD/reports/cifar10_full_audit/vit_pretrained_finetuned/failure_images/09254_true-horse_pred-dog.png,false_negative_for_horse;false_positive_for_dog
9260,cifar10_test_09260,/home/tariq/Desktop/Awais-Tariq/base-KD/data/cifar-10-batches-py/test_batch,9260,dog,cat,0.9996167421340942,False,True,/home/tariq/Desktop/Awais-Tariq/base-KD/reports/cifar10_full_audit/vit_pretrained_finetuned/failure_images/09260_true-dog_pred-cat.png,false_negative_for_dog;false_positive_for_cat
9336,cifar10_test_09336,/home/tariq/Desktop/Awais-Tariq/base-KD/data/cifar-10-batches-py/test_batch,9336,cat,dog,0.973554253578186,False,True,/home/tariq/Desktop/Awais-Tariq/base-KD/reports/cifar10_full_audit/vit_pretrained_finetuned/failure_images/09336_true-cat_pred-dog.png,false_negative_for_cat;false_positive_for_dog
9380,cifar10_test_09380,/home/tariq/Desktop/Awais-Tariq/base-KD/data/cifar-10-batches-py/test_batch,9380,dog,cat,0.9995449185371399,False,True,/home/tariq/Desktop/Awais-Tariq/base-KD/reports/cifar10_full_audit/vit_pretrained_finetuned/failure_images/09380_true-dog_pred-cat.png,false_negative_for_dog;false_positive_for_cat
9414,cifar10_test_09414,/home/tariq/Desktop/Awais-Tariq/base-KD/data/cifar-10-batches-py/test_batch,9414,dog,cat,0.9999603033065796,False,True,/home/tariq/Desktop/Awais-Tariq/base-KD/reports/cifar10_full_audit/vit_pretrained_finetuned/failure_images/09414_true-dog_pred-cat.png,false_negative_for_dog;false_positive_for_cat
9518,cifar10_test_09518,/home/tariq/Desktop/Awais-Tariq/base-KD/data/cifar-10-batches-py/test_batch,9518,truck,automobile,0.9999724626541138,False,True,/home/tariq/Desktop/Awais-Tariq/base-KD/reports/cifar10_full_audit/vit_pretrained_finetuned/failure_images/09518_true-truck_pred-automobile.png,false_negative_for_truck;false_positive_for_automobile
9535,cifar10_test_09535,/home/tariq/Desktop/Awais-Tariq/base-KD/data/cifar-10-batches-py/test_batch,9535,automobile,truck,0.9999675750732422,False,True,/home/tariq/Desktop/Awais-Tariq/base-KD/reports/cifar10_full_audit/vit_pretrained_finetuned/failure_images/09535_true-automobile_pred-truck.png,false_negative_for_automobile;false_positive_for_truck
9587,cifar10_test_09587,/home/tariq/Desktop/Awais-Tariq/base-KD/data/cifar-10-batches-py/test_batch,9587,horse,dog,0.9995926022529602,False,True,/home/tariq/Desktop/Awais-Tariq/base-KD/reports/cifar10_full_audit/vit_pretrained_finetuned/failure_images/09587_true-horse_pred-dog.png,false_negative_for_horse;false_positive_for_dog
9689,cifar10_test_09689,/home/tariq/Desktop/Awais-Tariq/base-KD/data/cifar-10-batches-py/test_batch,9689,truck,automobile,0.9996280670166016,False,True,/home/tariq/Desktop/Awais-Tariq/base-KD/reports/cifar10_full_audit/vit_pretrained_finetuned/failure_images/09689_true-truck_pred-automobile.png,false_negative_for_truck;false_positive_for_automobile
9704,cifar10_test_09704,/home/tariq/Desktop/Awais-Tariq/base-KD/data/cifar-10-batches-py/test_batch,9704,bird,deer,0.43905696272850037,False,True,/home/tariq/Desktop/Awais-Tariq/base-KD/reports/cifar10_full_audit/vit_pretrained_finetuned/failure_images/09704_true-bird_pred-deer.png,false_negative_for_bird;false_positive_for_deer
9812,cifar10_test_09812,/home/tariq/Desktop/Awais-Tariq/base-KD/data/cifar-10-batches-py/test_batch,9812,cat,dog,0.6710973381996155,False,True,/home/tariq/Desktop/Awais-Tariq/base-KD/reports/cifar10_full_audit/vit_pretrained_finetuned/failure_images/09812_true-cat_pred-dog.png,false_negative_for_cat;false_positive_for_dog
9819,cifar10_test_09819,/home/tariq/Desktop/Awais-Tariq/base-KD/data/cifar-10-batches-py/test_batch,9819,cat,dog,0.99993896484375,False,True,/home/tariq/Desktop/Awais-Tariq/base-KD/reports/cifar10_full_audit/vit_pretrained_finetuned/failure_images/09819_true-cat_pred-dog.png,false_negative_for_cat;false_positive_for_dog
9840,cifar10_test_09840,/home/tariq/Desktop/Awais-Tariq/base-KD/data/cifar-10-batches-py/test_batch,9840,deer,horse,0.9138978719711304,False,True,/home/tariq/Desktop/Awais-Tariq/base-KD/reports/cifar10_full_audit/vit_pretrained_finetuned/failure_images/09840_true-deer_pred-horse.png,false_negative_for_deer;false_positive_for_horse
9853,cifar10_test_09853,/home/tariq/Desktop/Awais-Tariq/base-KD/data/cifar-10-batches-py/test_batch,9853,dog,frog,0.5825903415679932,False,True,/home/tariq/Desktop/Awais-Tariq/base-KD/reports/cifar10_full_audit/vit_pretrained_finetuned/failure_images/09853_true-dog_pred-frog.png,false_negative_for_dog;false_positive_for_frog
