test_index,image_id,source_path,source_record_index,true_class,vit_scratch_predicted_class,vit_scratch_confidence,vit_scratch_correct,vit_scratch_failure_image,mamba_scratch_predicted_class,mamba_scratch_confidence,mamba_scratch_correct,mamba_scratch_failure_image,vit_pretrained_finetuned_predicted_class,vit_pretrained_finetuned_confidence,vit_pretrained_finetuned_correct,vit_pretrained_finetuned_failure_image,mamba_kd_from_scratch_vit_predicted_class,mamba_kd_from_scratch_vit_confidence,mamba_kd_from_scratch_vit_correct,mamba_kd_from_scratch_vit_failure_image,mamba_kd_from_pretrained_vit_predicted_class,mamba_kd_from_pretrained_vit_confidence,mamba_kd_from_pretrained_vit_correct,mamba_kd_from_pretrained_vit_failure_image,failure_count,failed_models,failed_three_or_more,failed_all_models,scratch_pair_teacher_failed_student_passed,scratch_pair_student_failed_teacher_passed,pretrained_pair_teacher_failed_student_passed,pretrained_pair_student_failed_teacher_passed
125,cifar10_test_00125,/home/tariq/Desktop/Awais-Tariq/base-KD/data/cifar-10-batches-py/test_batch,125,airplane,bird,0.5763949155807495,False,/home/tariq/Desktop/Awais-Tariq/base-KD/reports/cifar10_full_audit/vit_scratch/failure_images/00125_true-airplane_pred-bird.png,bird,0.859119713306427,False,/home/tariq/Desktop/Awais-Tariq/base-KD/reports/cifar10_full_audit/mamba_scratch/failure_images/00125_true-airplane_pred-bird.png,bird,0.9861831665039062,False,/home/tariq/Desktop/Awais-Tariq/base-KD/reports/cifar10_full_audit/vit_pretrained_finetuned/failure_images/00125_true-airplane_pred-bird.png,truck,0.5698850750923157,False,/home/tariq/Desktop/Awais-Tariq/base-KD/reports/cifar10_full_audit/mamba_kd_from_scratch_vit/failure_images/00125_true-airplane_pred-truck.png,bird,0.8352269530296326,False,/home/tariq/Desktop/Awais-Tariq/base-KD/reports/cifar10_full_audit/mamba_kd_from_pretrained_vit/failure_images/00125_true-airplane_pred-bird.png,5,vit_scratch;mamba_scratch;vit_pretrained_finetuned;mamba_kd_from_scratch_vit;mamba_kd_from_pretrained_vit,True,True,False,False,False,False
683,cifar10_test_00683,/home/tariq/Desktop/Awais-Tariq/base-KD/data/cifar-10-batches-py/test_batch,683,ship,airplane,0.9999014139175415,False,/home/tariq/Desktop/Awais-Tariq/base-KD/reports/cifar10_full_audit/vit_scratch/failure_images/00683_true-ship_pred-airplane.png,airplane,0.9990768432617188,False,/home/tariq/Desktop/Awais-Tariq/base-KD/reports/cifar10_full_audit/mamba_scratch/failure_images/00683_true-ship_pred-airplane.png,airplane,0.999376118183136,False,/home/tariq/Desktop/Awais-Tariq/base-KD/reports/cifar10_full_audit/vit_pretrained_finetuned/failure_images/00683_true-ship_pred-airplane.png,airplane,0.9949818253517151,False,/home/tariq/Desktop/Awais-Tariq/base-KD/reports/cifar10_full_audit/mamba_kd_from_scratch_vit/failure_images/00683_true-ship_pred-airplane.png,airplane,0.9999867677688599,False,/home/tariq/Desktop/Awais-Tariq/base-KD/reports/cifar10_full_audit/mamba_kd_from_pretrained_vit/failure_images/00683_true-ship_pred-airplane.png,5,vit_scratch;mamba_scratch;vit_pretrained_finetuned;mamba_kd_from_scratch_vit;mamba_kd_from_pretrained_vit,True,True,False,False,False,False
734,cifar10_test_00734,/home/tariq/Desktop/Awais-Tariq/base-KD/data/cifar-10-batches-py/test_batch,734,truck,automobile,0.9929022192955017,False,/home/tariq/Desktop/Awais-Tariq/base-KD/reports/cifar10_full_audit/vit_scratch/failure_images/00734_true-truck_pred-automobile.png,automobile,0.5358868837356567,False,/home/tariq/Desktop/Awais-Tariq/base-KD/reports/cifar10_full_audit/mamba_scratch/failure_images/00734_true-truck_pred-automobile.png,automobile,0.8978161811828613,False,/home/tariq/Desktop/Awais-Tariq/base-KD/reports/cifar10_full_audit/vit_pretrained_finetuned/failure_images/00734_true-truck_pred-automobile.png,automobile,0.953967809677124,False,/home/tariq/Desktop/Awais-Tariq/base-KD/reports/cifar10_full_audit/mamba_kd_from_scratch_vit/failure_images/00734_true-truck_pred-automobile.png,automobile,0.9772878885269165,False,/home/tariq/Desktop/Awais-Tariq/base-KD/reports/cifar10_full_audit/mamba_kd_from_pretrained_vit/failure_images/00734_true-truck_pred-automobile.png,5,vit_scratch;mamba_scratch;vit_pretrained_finetuned;mamba_kd_from_scratch_vit;mamba_kd_from_pretrained_vit,True,True,False,False,False,False
810,cifar10_test_00810,/home/tariq/Desktop/Awais-Tariq/base-KD/data/cifar-10-batches-py/test_batch,810,dog,cat,0.9997757077217102,False,/home/tariq/Desktop/Awais-Tariq/base-KD/reports/cifar10_full_audit/vit_scratch/failure_images/00810_true-dog_pred-cat.png,cat,0.9932304620742798,False,/home/tariq/Desktop/Awais-Tariq/base-KD/reports/cifar10_full_audit/mamba_scratch/failure_images/00810_true-dog_pred-cat.png,cat,0.9998754262924194,False,/home/tariq/Desktop/Awais-Tariq/base-KD/reports/cifar10_full_audit/vit_pretrained_finetuned/failure_images/00810_true-dog_pred-cat.png,cat,0.9735114574432373,False,/home/tariq/Desktop/Awais-Tariq/base-KD/reports/cifar10_full_audit/mamba_kd_from_scratch_vit/failure_images/00810_true-dog_pred-cat.png,cat,0.6313694715499878,False,/home/tariq/Desktop/Awais-Tariq/base-KD/reports/cifar10_full_audit/mamba_kd_from_pretrained_vit/failure_images/00810_true-dog_pred-cat.png,5,vit_scratch;mamba_scratch;vit_pretrained_finetuned;mamba_kd_from_scratch_vit;mamba_kd_from_pretrained_vit,True,True,False,False,False,False
1236,cifar10_test_01236,/home/tariq/Desktop/Awais-Tariq/base-KD/data/cifar-10-batches-py/test_batch,1236,horse,cat,0.975650429725647,False,/home/tariq/Desktop/Awais-Tariq/base-KD/reports/cifar10_full_audit/vit_scratch/failure_images/01236_true-horse_pred-cat.png,bird,0.5916128158569336,False,/home/tariq/Desktop/Awais-Tariq/base-KD/reports/cifar10_full_audit/mamba_scratch/failure_images/01236_true-horse_pred-bird.png,dog,0.9995613694190979,False,/home/tariq/Desktop/Awais-Tariq/base-KD/reports/cifar10_full_audit/vit_pretrained_finetuned/failure_images/01236_true-horse_pred-dog.png,cat,0.8734919428825378,False,/home/tariq/Desktop/Awais-Tariq/base-KD/reports/cifar10_full_audit/mamba_kd_from_scratch_vit/failure_images/01236_true-horse_pred-cat.png,cat,0.5609201192855835,False,/home/tariq/Desktop/Awais-Tariq/base-KD/reports/cifar10_full_audit/mamba_kd_from_pretrained_vit/failure_images/01236_true-horse_pred-cat.png,5,vit_scratch;mamba_scratch;vit_pretrained_finetuned;mamba_kd_from_scratch_vit;mamba_kd_from_pretrained_vit,True,True,False,False,False,False
1506,cifar10_test_01506,/home/tariq/Desktop/Awais-Tariq/base-KD/data/cifar-10-batches-py/test_batch,1506,dog,horse,0.9977498650550842,False,/home/tariq/Desktop/Awais-Tariq/base-KD/reports/cifar10_full_audit/vit_scratch/failure_images/01506_true-dog_pred-horse.png,horse,0.5079273581504822,False,/home/tariq/Desktop/Awais-Tariq/base-KD/reports/cifar10_full_audit/mamba_scratch/failure_images/01506_true-dog_pred-horse.png,horse,0.9999927282333374,False,/home/tariq/Desktop/Awais-Tariq/base-KD/reports/cifar10_full_audit/vit_pretrained_finetuned/failure_images/01506_true-dog_pred-horse.png,horse,0.9940391778945923,False,/home/tariq/Desktop/Awais-Tariq/base-KD/reports/cifar10_full_audit/mamba_kd_from_scratch_vit/failure_images/01506_true-dog_pred-horse.png,horse,0.9999946355819702,False,/home/tariq/Desktop/Awais-Tariq/base-KD/reports/cifar10_full_audit/mamba_kd_from_pretrained_vit/failure_images/01506_true-dog_pred-horse.png,5,vit_scratch;mamba_scratch;vit_pretrained_finetuned;mamba_kd_from_scratch_vit;mamba_kd_from_pretrained_vit,True,True,False,False,False,False
1969,cifar10_test_01969,/home/tariq/Desktop/Awais-Tariq/base-KD/data/cifar-10-batches-py/test_batch,1969,automobile,truck,0.9354668259620667,False,/home/tariq/Desktop/Awais-Tariq/base-KD/reports/cifar10_full_audit/vit_scratch/failure_images/01969_true-automobile_pred-truck.png,truck,0.5905154943466187,False,/home/tariq/Desktop/Awais-Tariq/base-KD/reports/cifar10_full_audit/mamba_scratch/failure_images/01969_true-automobile_pred-truck.png,truck,0.9999991655349731,False,/home/tariq/Desktop/Awais-Tariq/base-KD/reports/cifar10_full_audit/vit_pretrained_finetuned/failure_images/01969_true-automobile_pred-truck.png,truck,0.9336398243904114,False,/home/tariq/Desktop/Awais-Tariq/base-KD/reports/cifar10_full_audit/mamba_kd_from_scratch_vit/failure_images/01969_true-automobile_pred-truck.png,truck,0.9999953508377075,False,/home/tariq/Desktop/Awais-Tariq/base-KD/reports/cifar10_full_audit/mamba_kd_from_pretrained_vit/failure_images/01969_true-automobile_pred-truck.png,5,vit_scratch;mamba_scratch;vit_pretrained_finetuned;mamba_kd_from_scratch_vit;mamba_kd_from_pretrained_vit,True,True,False,False,False,False
2405,cifar10_test_02405,/home/tariq/Desktop/Awais-Tariq/base-KD/data/cifar-10-batches-py/test_batch,2405,cat,frog,0.9999978542327881,False,/home/tariq/Desktop/Awais-Tariq/base-KD/reports/cifar10_full_audit/vit_scratch/failure_images/02405_true-cat_pred-frog.png,frog,1.0,False,/home/tariq/Desktop/Awais-Tariq/base-KD/reports/cifar10_full_audit/mamba_scratch/failure_images/02405_true-cat_pred-frog.png,frog,0.9999998807907104,False,/home/tariq/Desktop/Awais-Tariq/base-KD/reports/cifar10_full_audit/vit_pretrained_finetuned/failure_images/02405_true-cat_pred-frog.png,frog,0.9999780654907227,False,/home/tariq/Desktop/Awais-Tariq/base-KD/reports/cifar10_full_audit/mamba_kd_from_scratch_vit/failure_images/02405_true-cat_pred-frog.png,frog,0.9999998807907104,False,/home/tariq/Desktop/Awais-Tariq/base-KD/reports/cifar10_full_audit/mamba_kd_from_pretrained_vit/failure_images/02405_true-cat_pred-frog.png,5,vit_scratch;mamba_scratch;vit_pretrained_finetuned;mamba_kd_from_scratch_vit;mamba_kd_from_pretrained_vit,True,True,False,False,False,False
2525,cifar10_test_02525,/home/tariq/Desktop/Awais-Tariq/base-KD/data/cifar-10-batches-py/test_batch,2525,dog,cat,0.8838716149330139,False,/home/tariq/Desktop/Awais-Tariq/base-KD/reports/cifar10_full_audit/vit_scratch/failure_images/02525_true-dog_pred-cat.png,automobile,0.9070833325386047,False,/home/tariq/Desktop/Awais-Tariq/base-KD/reports/cifar10_full_audit/mamba_scratch/failure_images/02525_true-dog_pred-automobile.png,cat,0.999821126461029,False,/home/tariq/Desktop/Awais-Tariq/base-KD/reports/cifar10_full_audit/vit_pretrained_finetuned/failure_images/02525_true-dog_pred-cat.png,automobile,0.3344244956970215,False,/home/tariq/Desktop/Awais-Tariq/base-KD/reports/cifar10_full_audit/mamba_kd_from_scratch_vit/failure_images/02525_true-dog_pred-automobile.png,bird,0.8407279849052429,False,/home/tariq/Desktop/Awais-Tariq/base-KD/reports/cifar10_full_audit/mamba_kd_from_pretrained_vit/failure_images/02525_true-dog_pred-bird.png,5,vit_scratch;mamba_scratch;vit_pretrained_finetuned;mamba_kd_from_scratch_vit;mamba_kd_from_pretrained_vit,True,True,False,False,False,False
2532,cifar10_test_02532,/home/tariq/Desktop/Awais-Tariq/base-KD/data/cifar-10-batches-py/test_batch,2532,airplane,automobile,0.9997836947441101,False,/home/tariq/Desktop/Awais-Tariq/base-KD/reports/cifar10_full_audit/vit_scratch/failure_images/02532_true-airplane_pred-automobile.png,automobile,0.9822743535041809,False,/home/tariq/Desktop/Awais-Tariq/base-KD/reports/cifar10_full_audit/mamba_scratch/failure_images/02532_true-airplane_pred-automobile.png,automobile,0.9999899864196777,False,/home/tariq/Desktop/Awais-Tariq/base-KD/reports/cifar10_full_audit/vit_pretrained_finetuned/failure_images/02532_true-airplane_pred-automobile.png,automobile,0.9986351132392883,False,/home/tariq/Desktop/Awais-Tariq/base-KD/reports/cifar10_full_audit/mamba_kd_from_scratch_vit/failure_images/02532_true-airplane_pred-automobile.png,automobile,0.9988123178482056,False,/home/tariq/Desktop/Awais-Tariq/base-KD/reports/cifar10_full_audit/mamba_kd_from_pretrained_vit/failure_images/02532_true-airplane_pred-automobile.png,5,vit_scratch;mamba_scratch;vit_pretrained_finetuned;mamba_kd_from_scratch_vit;mamba_kd_from_pretrained_vit,True,True,False,False,False,False
2592,cifar10_test_02592,/home/tariq/Desktop/Awais-Tariq/base-KD/data/cifar-10-batches-py/test_batch,2592,bird,deer,0.9999891519546509,False,/home/tariq/Desktop/Awais-Tariq/base-KD/reports/cifar10_full_audit/vit_scratch/failure_images/02592_true-bird_pred-deer.png,deer,0.9797199368476868,False,/home/tariq/Desktop/Awais-Tariq/base-KD/reports/cifar10_full_audit/mamba_scratch/failure_images/02592_true-bird_pred-deer.png,deer,0.9989567995071411,False,/home/tariq/Desktop/Awais-Tariq/base-KD/reports/cifar10_full_audit/vit_pretrained_finetuned/failure_images/02592_true-bird_pred-deer.png,deer,0.9806446433067322,False,/home/tariq/Desktop/Awais-Tariq/base-KD/reports/cifar10_full_audit/mamba_kd_from_scratch_vit/failure_images/02592_true-bird_pred-deer.png,dog,0.9994884729385376,False,/home/tariq/Desktop/Awais-Tariq/base-KD/reports/cifar10_full_audit/mamba_kd_from_pretrained_vit/failure_images/02592_true-bird_pred-dog.png,5,vit_scratch;mamba_scratch;vit_pretrained_finetuned;mamba_kd_from_scratch_vit;mamba_kd_from_pretrained_vit,True,True,False,False,False,False
2804,cifar10_test_02804,/home/tariq/Desktop/Awais-Tariq/base-KD/data/cifar-10-batches-py/test_batch,2804,cat,bird,0.7844270467758179,False,/home/tariq/Desktop/Awais-Tariq/base-KD/reports/cifar10_full_audit/vit_scratch/failure_images/02804_true-cat_pred-bird.png,dog,0.8971405029296875,False,/home/tariq/Desktop/Awais-Tariq/base-KD/reports/cifar10_full_audit/mamba_scratch/failure_images/02804_true-cat_pred-dog.png,dog,0.9999988079071045,False,/home/tariq/Desktop/Awais-Tariq/base-KD/reports/cifar10_full_audit/vit_pretrained_finetuned/failure_images/02804_true-cat_pred-dog.png,dog,0.9987152814865112,False,/home/tariq/Desktop/Awais-Tariq/base-KD/reports/cifar10_full_audit/mamba_kd_from_scratch_vit/failure_images/02804_true-cat_pred-dog.png,dog,0.9997681975364685,False,/home/tariq/Desktop/Awais-Tariq/base-KD/reports/cifar10_full_audit/mamba_kd_from_pretrained_vit/failure_images/02804_true-cat_pred-dog.png,5,vit_scratch;mamba_scratch;vit_pretrained_finetuned;mamba_kd_from_scratch_vit;mamba_kd_from_pretrained_vit,True,True,False,False,False,False
2854,cifar10_test_02854,/home/tariq/Desktop/Awais-Tariq/base-KD/data/cifar-10-batches-py/test_batch,2854,truck,airplane,0.5260893106460571,False,/home/tariq/Desktop/Awais-Tariq/base-KD/reports/cifar10_full_audit/vit_scratch/failure_images/02854_true-truck_pred-airplane.png,horse,0.9999058246612549,False,/home/tariq/Desktop/Awais-Tariq/base-KD/reports/cifar10_full_audit/mamba_scratch/failure_images/02854_true-truck_pred-horse.png,automobile,0.9999958276748657,False,/home/tariq/Desktop/Awais-Tariq/base-KD/reports/cifar10_full_audit/vit_pretrained_finetuned/failure_images/02854_true-truck_pred-automobile.png,airplane,0.36287665367126465,False,/home/tariq/Desktop/Awais-Tariq/base-KD/reports/cifar10_full_audit/mamba_kd_from_scratch_vit/failure_images/02854_true-truck_pred-airplane.png,horse,0.9991920590400696,False,/home/tariq/Desktop/Awais-Tariq/base-KD/reports/cifar10_full_audit/mamba_kd_from_pretrained_vit/failure_images/02854_true-truck_pred-horse.png,5,vit_scratch;mamba_scratch;vit_pretrained_finetuned;mamba_kd_from_scratch_vit;mamba_kd_from_pretrained_vit,True,True,False,False,False,False
3059,cifar10_test_03059,/home/tariq/Desktop/Awais-Tariq/base-KD/data/cifar-10-batches-py/test_batch,3059,dog,bird,0.9997833371162415,False,/home/tariq/Desktop/Awais-Tariq/base-KD/reports/cifar10_full_audit/vit_scratch/failure_images/03059_true-dog_pred-bird.png,cat,0.8241228461265564,False,/home/tariq/Desktop/Awais-Tariq/base-KD/reports/cifar10_full_audit/mamba_scratch/failure_images/03059_true-dog_pred-cat.png,deer,0.9619340896606445,False,/home/tariq/Desktop/Awais-Tariq/base-KD/reports/cifar10_full_audit/vit_pretrained_finetuned/failure_images/03059_true-dog_pred-deer.png,bird,0.959496796131134,False,/home/tariq/Desktop/Awais-Tariq/base-KD/reports/cifar10_full_audit/mamba_kd_from_scratch_vit/failure_images/03059_true-dog_pred-bird.png,cat,0.7614689469337463,False,/home/tariq/Desktop/Awais-Tariq/base-KD/reports/cifar10_full_audit/mamba_kd_from_pretrained_vit/failure_images/03059_true-dog_pred-cat.png,5,vit_scratch;mamba_scratch;vit_pretrained_finetuned;mamba_kd_from_scratch_vit;mamba_kd_from_pretrained_vit,True,True,False,False,False,False
3192,cifar10_test_03192,/home/tariq/Desktop/Awais-Tariq/base-KD/data/cifar-10-batches-py/test_batch,3192,dog,deer,0.9983989596366882,False,/home/tariq/Desktop/Awais-Tariq/base-KD/reports/cifar10_full_audit/vit_scratch/failure_images/03192_true-dog_pred-deer.png,deer,0.9999887943267822,False,/home/tariq/Desktop/Awais-Tariq/base-KD/reports/cifar10_full_audit/mamba_scratch/failure_images/03192_true-dog_pred-deer.png,deer,0.9999979734420776,False,/home/tariq/Desktop/Awais-Tariq/base-KD/reports/cifar10_full_audit/vit_pretrained_finetuned/failure_images/03192_true-dog_pred-deer.png,deer,0.9995771050453186,False,/home/tariq/Desktop/Awais-Tariq/base-KD/reports/cifar10_full_audit/mamba_kd_from_scratch_vit/failure_images/03192_true-dog_pred-deer.png,deer,0.9824492931365967,False,/home/tariq/Desktop/Awais-Tariq/base-KD/reports/cifar10_full_audit/mamba_kd_from_pretrained_vit/failure_images/03192_true-dog_pred-deer.png,5,vit_scratch;mamba_scratch;vit_pretrained_finetuned;mamba_kd_from_scratch_vit;mamba_kd_from_pretrained_vit,True,True,False,False,False,False
3343,cifar10_test_03343,/home/tariq/Desktop/Awais-Tariq/base-KD/data/cifar-10-batches-py/test_batch,3343,cat,dog,0.9987949132919312,False,/home/tariq/Desktop/Awais-Tariq/base-KD/reports/cifar10_full_audit/vit_scratch/failure_images/03343_true-cat_pred-dog.png,dog,0.6149416565895081,False,/home/tariq/Desktop/Awais-Tariq/base-KD/reports/cifar10_full_audit/mamba_scratch/failure_images/03343_true-cat_pred-dog.png,dog,0.9999051094055176,False,/home/tariq/Desktop/Awais-Tariq/base-KD/reports/cifar10_full_audit/vit_pretrained_finetuned/failure_images/03343_true-cat_pred-dog.png,dog,0.5998051762580872,False,/home/tariq/Desktop/Awais-Tariq/base-KD/reports/cifar10_full_audit/mamba_kd_from_scratch_vit/failure_images/03343_true-cat_pred-dog.png,dog,0.4567188024520874,False,/home/tariq/Desktop/Awais-Tariq/base-KD/reports/cifar10_full_audit/mamba_kd_from_pretrained_vit/failure_images/03343_true-cat_pred-dog.png,5,vit_scratch;mamba_scratch;vit_pretrained_finetuned;mamba_kd_from_scratch_vit;mamba_kd_from_pretrained_vit,True,True,False,False,False,False
3450,cifar10_test_03450,/home/tariq/Desktop/Awais-Tariq/base-KD/data/cifar-10-batches-py/test_batch,3450,truck,automobile,0.8755778670310974,False,/home/tariq/Desktop/Awais-Tariq/base-KD/reports/cifar10_full_audit/vit_scratch/failure_images/03450_true-truck_pred-automobile.png,automobile,0.9947644472122192,False,/home/tariq/Desktop/Awais-Tariq/base-KD/reports/cifar10_full_audit/mamba_scratch/failure_images/03450_true-truck_pred-automobile.png,automobile,0.9999946355819702,False,/home/tariq/Desktop/Awais-Tariq/base-KD/reports/cifar10_full_audit/vit_pretrained_finetuned/failure_images/03450_true-truck_pred-automobile.png,automobile,0.9526010751724243,False,/home/tariq/Desktop/Awais-Tariq/base-KD/reports/cifar10_full_audit/mamba_kd_from_scratch_vit/failure_images/03450_true-truck_pred-automobile.png,automobile,0.9999998807907104,False,/home/tariq/Desktop/Awais-Tariq/base-KD/reports/cifar10_full_audit/mamba_kd_from_pretrained_vit/failure_images/03450_true-truck_pred-automobile.png,5,vit_scratch;mamba_scratch;vit_pretrained_finetuned;mamba_kd_from_scratch_vit;mamba_kd_from_pretrained_vit,True,True,False,False,False,False
3501,cifar10_test_03501,/home/tariq/Desktop/Awais-Tariq/base-KD/data/cifar-10-batches-py/test_batch,3501,truck,automobile,0.999441921710968,False,/home/tariq/Desktop/Awais-Tariq/base-KD/reports/cifar10_full_audit/vit_scratch/failure_images/03501_true-truck_pred-automobile.png,automobile,1.0,False,/home/tariq/Desktop/Awais-Tariq/base-KD/reports/cifar10_full_audit/mamba_scratch/failure_images/03501_true-truck_pred-automobile.png,automobile,0.9963746666908264,False,/home/tariq/Desktop/Awais-Tariq/base-KD/reports/cifar10_full_audit/vit_pretrained_finetuned/failure_images/03501_true-truck_pred-automobile.png,automobile,0.9999135732650757,False,/home/tariq/Desktop/Awais-Tariq/base-KD/reports/cifar10_full_audit/mamba_kd_from_scratch_vit/failure_images/03501_true-truck_pred-automobile.png,automobile,0.9978029131889343,False,/home/tariq/Desktop/Awais-Tariq/base-KD/reports/cifar10_full_audit/mamba_kd_from_pretrained_vit/failure_images/03501_true-truck_pred-automobile.png,5,vit_scratch;mamba_scratch;vit_pretrained_finetuned;mamba_kd_from_scratch_vit;mamba_kd_from_pretrained_vit,True,True,False,False,False,False
3560,cifar10_test_03560,/home/tariq/Desktop/Awais-Tariq/base-KD/data/cifar-10-batches-py/test_batch,3560,automobile,truck,0.9998985528945923,False,/home/tariq/Desktop/Awais-Tariq/base-KD/reports/cifar10_full_audit/vit_scratch/failure_images/03560_true-automobile_pred-truck.png,truck,0.9997355341911316,False,/home/tariq/Desktop/Awais-Tariq/base-KD/reports/cifar10_full_audit/mamba_scratch/failure_images/03560_true-automobile_pred-truck.png,truck,0.9999985694885254,False,/home/tariq/Desktop/Awais-Tariq/base-KD/reports/cifar10_full_audit/vit_pretrained_finetuned/failure_images/03560_true-automobile_pred-truck.png,truck,0.991413950920105,False,/home/tariq/Desktop/Awais-Tariq/base-KD/reports/cifar10_full_audit/mamba_kd_from_scratch_vit/failure_images/03560_true-automobile_pred-truck.png,truck,0.9999861717224121,False,/home/tariq/Desktop/Awais-Tariq/base-KD/reports/cifar10_full_audit/mamba_kd_from_pretrained_vit/failure_images/03560_true-automobile_pred-truck.png,5,vit_scratch;mamba_scratch;vit_pretrained_finetuned;mamba_kd_from_scratch_vit;mamba_kd_from_pretrained_vit,True,True,False,False,False,False
3600,cifar10_test_03600,/home/tariq/Desktop/Awais-Tariq/base-KD/data/cifar-10-batches-py/test_batch,3600,deer,dog,0.9608442187309265,False,/home/tariq/Desktop/Awais-Tariq/base-KD/reports/cifar10_full_audit/vit_scratch/failure_images/03600_true-deer_pred-dog.png,dog,0.7384610176086426,False,/home/tariq/Desktop/Awais-Tariq/base-KD/reports/cifar10_full_audit/mamba_scratch/failure_images/03600_true-deer_pred-dog.png,dog,0.9999874830245972,False,/home/tariq/Desktop/Awais-Tariq/base-KD/reports/cifar10_full_audit/vit_pretrained_finetuned/failure_images/03600_true-deer_pred-dog.png,bird,0.6234559416770935,False,/home/tariq/Desktop/Awais-Tariq/base-KD/reports/cifar10_full_audit/mamba_kd_from_scratch_vit/failure_images/03600_true-deer_pred-bird.png,cat,0.9810997843742371,False,/home/tariq/Desktop/Awais-Tariq/base-KD/reports/cifar10_full_audit/mamba_kd_from_pretrained_vit/failure_images/03600_true-deer_pred-cat.png,5,vit_scratch;mamba_scratch;vit_pretrained_finetuned;mamba_kd_from_scratch_vit;mamba_kd_from_pretrained_vit,True,True,False,False,False,False
3645,cifar10_test_03645,/home/tariq/Desktop/Awais-Tariq/base-KD/data/cifar-10-batches-py/test_batch,3645,automobile,truck,0.9922283291816711,False,/home/tariq/Desktop/Awais-Tariq/base-KD/reports/cifar10_full_audit/vit_scratch/failure_images/03645_true-automobile_pred-truck.png,truck,0.999998927116394,False,/home/tariq/Desktop/Awais-Tariq/base-KD/reports/cifar10_full_audit/mamba_scratch/failure_images/03645_true-automobile_pred-truck.png,truck,0.9954715967178345,False,/home/tariq/Desktop/Awais-Tariq/base-KD/reports/cifar10_full_audit/vit_pretrained_finetuned/failure_images/03645_true-automobile_pred-truck.png,truck,0.9994449019432068,False,/home/tariq/Desktop/Awais-Tariq/base-KD/reports/cifar10_full_audit/mamba_kd_from_scratch_vit/failure_images/03645_true-automobile_pred-truck.png,truck,0.9999972581863403,False,/home/tariq/Desktop/Awais-Tariq/base-KD/reports/cifar10_full_audit/mamba_kd_from_pretrained_vit/failure_images/03645_true-automobile_pred-truck.png,5,vit_scratch;mamba_scratch;vit_pretrained_finetuned;mamba_kd_from_scratch_vit;mamba_kd_from_pretrained_vit,True,True,False,False,False,False
3789,cifar10_test_03789,/home/tariq/Desktop/Awais-Tariq/base-KD/data/cifar-10-batches-py/test_batch,3789,truck,dog,0.9242660403251648,False,/home/tariq/Desktop/Awais-Tariq/base-KD/reports/cifar10_full_audit/vit_scratch/failure_images/03789_true-truck_pred-dog.png,cat,0.8437319993972778,False,/home/tariq/Desktop/Awais-Tariq/base-KD/reports/cifar10_full_audit/mamba_scratch/failure_images/03789_true-truck_pred-cat.png,automobile,0.9999997615814209,False,/home/tariq/Desktop/Awais-Tariq/base-KD/reports/cifar10_full_audit/vit_pretrained_finetuned/failure_images/03789_true-truck_pred-automobile.png,automobile,0.7990826368331909,False,/home/tariq/Desktop/Awais-Tariq/base-KD/reports/cifar10_full_audit/mamba_kd_from_scratch_vit/failure_images/03789_true-truck_pred-automobile.png,automobile,0.9999998807907104,False,/home/tariq/Desktop/Awais-Tariq/base-KD/reports/cifar10_full_audit/mamba_kd_from_pretrained_vit/failure_images/03789_true-truck_pred-automobile.png,5,vit_scratch;mamba_scratch;vit_pretrained_finetuned;mamba_kd_from_scratch_vit;mamba_kd_from_pretrained_vit,True,True,False,False,False,False
3977,cifar10_test_03977,/home/tariq/Desktop/Awais-Tariq/base-KD/data/cifar-10-batches-py/test_batch,3977,cat,frog,0.7824347615242004,False,/home/tariq/Desktop/Awais-Tariq/base-KD/reports/cifar10_full_audit/vit_scratch/failure_images/03977_true-cat_pred-frog.png,frog,0.9998267292976379,False,/home/tariq/Desktop/Awais-Tariq/base-KD/reports/cifar10_full_audit/mamba_scratch/failure_images/03977_true-cat_pred-frog.png,frog,0.9999648332595825,False,/home/tariq/Desktop/Awais-Tariq/base-KD/reports/cifar10_full_audit/vit_pretrained_finetuned/failure_images/03977_true-cat_pred-frog.png,frog,0.999919056892395,False,/home/tariq/Desktop/Awais-Tariq/base-KD/reports/cifar10_full_audit/mamba_kd_from_scratch_vit/failure_images/03977_true-cat_pred-frog.png,frog,0.9999932050704956,False,/home/tariq/Desktop/Awais-Tariq/base-KD/reports/cifar10_full_audit/mamba_kd_from_pretrained_vit/failure_images/03977_true-cat_pred-frog.png,5,vit_scratch;mamba_scratch;vit_pretrained_finetuned;mamba_kd_from_scratch_vit;mamba_kd_from_pretrained_vit,True,True,False,False,False,False
4012,cifar10_test_04012,/home/tariq/Desktop/Awais-Tariq/base-KD/data/cifar-10-batches-py/test_batch,4012,cat,deer,0.6890878677368164,False,/home/tariq/Desktop/Awais-Tariq/base-KD/reports/cifar10_full_audit/vit_scratch/failure_images/04012_true-cat_pred-deer.png,horse,0.8138156533241272,False,/home/tariq/Desktop/Awais-Tariq/base-KD/reports/cifar10_full_audit/mamba_scratch/failure_images/04012_true-cat_pred-horse.png,dog,0.9690784811973572,False,/home/tariq/Desktop/Awais-Tariq/base-KD/reports/cifar10_full_audit/vit_pretrained_finetuned/failure_images/04012_true-cat_pred-dog.png,dog,0.9408096671104431,False,/home/tariq/Desktop/Awais-Tariq/base-KD/reports/cifar10_full_audit/mamba_kd_from_scratch_vit/failure_images/04012_true-cat_pred-dog.png,deer,0.8362901210784912,False,/home/tariq/Desktop/Awais-Tariq/base-KD/reports/cifar10_full_audit/mamba_kd_from_pretrained_vit/failure_images/04012_true-cat_pred-deer.png,5,vit_scratch;mamba_scratch;vit_pretrained_finetuned;mamba_kd_from_scratch_vit;mamba_kd_from_pretrained_vit,True,True,False,False,False,False
4152,cifar10_test_04152,/home/tariq/Desktop/Awais-Tariq/base-KD/data/cifar-10-batches-py/test_batch,4152,dog,automobile,0.9544523358345032,False,/home/tariq/Desktop/Awais-Tariq/base-KD/reports/cifar10_full_audit/vit_scratch/failure_images/04152_true-dog_pred-automobile.png,cat,0.6778266429901123,False,/home/tariq/Desktop/Awais-Tariq/base-KD/reports/cifar10_full_audit/mamba_scratch/failure_images/04152_true-dog_pred-cat.png,cat,0.999976396560669,False,/home/tariq/Desktop/Awais-Tariq/base-KD/reports/cifar10_full_audit/vit_pretrained_finetuned/failure_images/04152_true-dog_pred-cat.png,automobile,0.9246916174888611,False,/home/tariq/Desktop/Awais-Tariq/base-KD/reports/cifar10_full_audit/mamba_kd_from_scratch_vit/failure_images/04152_true-dog_pred-automobile.png,cat,0.9474155902862549,False,/home/tariq/Desktop/Awais-Tariq/base-KD/reports/cifar10_full_audit/mamba_kd_from_pretrained_vit/failure_images/04152_true-dog_pred-cat.png,5,vit_scratch;mamba_scratch;vit_pretrained_finetuned;mamba_kd_from_scratch_vit;mamba_kd_from_pretrained_vit,True,True,False,False,False,False
4198,cifar10_test_04198,/home/tariq/Desktop/Awais-Tariq/base-KD/data/cifar-10-batches-py/test_batch,4198,ship,deer,0.9697092175483704,False,/home/tariq/Desktop/Awais-Tariq/base-KD/reports/cifar10_full_audit/vit_scratch/failure_images/04198_true-ship_pred-deer.png,airplane,0.9999761581420898,False,/home/tariq/Desktop/Awais-Tariq/base-KD/reports/cifar10_full_audit/mamba_scratch/failure_images/04198_true-ship_pred-airplane.png,airplane,0.897052526473999,False,/home/tariq/Desktop/Awais-Tariq/base-KD/reports/cifar10_full_audit/vit_pretrained_finetuned/failure_images/04198_true-ship_pred-airplane.png,airplane,0.9916000366210938,False,/home/tariq/Desktop/Awais-Tariq/base-KD/reports/cifar10_full_audit/mamba_kd_from_scratch_vit/failure_images/04198_true-ship_pred-airplane.png,airplane,0.9999914169311523,False,/home/tariq/Desktop/Awais-Tariq/base-KD/reports/cifar10_full_audit/mamba_kd_from_pretrained_vit/failure_images/04198_true-ship_pred-airplane.png,5,vit_scratch;mamba_scratch;vit_pretrained_finetuned;mamba_kd_from_scratch_vit;mamba_kd_from_pretrained_vit,True,True,False,False,False,False
4276,cifar10_test_04276,/home/tariq/Desktop/Awais-Tariq/base-KD/data/cifar-10-batches-py/test_batch,4276,truck,automobile,0.5097704529762268,False,/home/tariq/Desktop/Awais-Tariq/base-KD/reports/cifar10_full_audit/vit_scratch/failure_images/04276_true-truck_pred-automobile.png,automobile,0.9999995231628418,False,/home/tariq/Desktop/Awais-Tariq/base-KD/reports/cifar10_full_audit/mamba_scratch/failure_images/04276_true-truck_pred-automobile.png,automobile,0.9999743700027466,False,/home/tariq/Desktop/Awais-Tariq/base-KD/reports/cifar10_full_audit/vit_pretrained_finetuned/failure_images/04276_true-truck_pred-automobile.png,automobile,0.5580539107322693,False,/home/tariq/Desktop/Awais-Tariq/base-KD/reports/cifar10_full_audit/mamba_kd_from_scratch_vit/failure_images/04276_true-truck_pred-automobile.png,automobile,0.9989759922027588,False,/home/tariq/Desktop/Awais-Tariq/base-KD/reports/cifar10_full_audit/mamba_kd_from_pretrained_vit/failure_images/04276_true-truck_pred-automobile.png,5,vit_scratch;mamba_scratch;vit_pretrained_finetuned;mamba_kd_from_scratch_vit;mamba_kd_from_pretrained_vit,True,True,False,False,False,False
4528,cifar10_test_04528,/home/tariq/Desktop/Awais-Tariq/base-KD/data/cifar-10-batches-py/test_batch,4528,dog,deer,0.992555558681488,False,/home/tariq/Desktop/Awais-Tariq/base-KD/reports/cifar10_full_audit/vit_scratch/failure_images/04528_true-dog_pred-deer.png,deer,0.9830136299133301,False,/home/tariq/Desktop/Awais-Tariq/base-KD/reports/cifar10_full_audit/mamba_scratch/failure_images/04528_true-dog_pred-deer.png,deer,0.9437574744224548,False,/home/tariq/Desktop/Awais-Tariq/base-KD/reports/cifar10_full_audit/vit_pretrained_finetuned/failure_images/04528_true-dog_pred-deer.png,deer,0.9947978258132935,False,/home/tariq/Desktop/Awais-Tariq/base-KD/reports/cifar10_full_audit/mamba_kd_from_scratch_vit/failure_images/04528_true-dog_pred-deer.png,deer,0.9992563128471375,False,/home/tariq/Desktop/Awais-Tariq/base-KD/reports/cifar10_full_audit/mamba_kd_from_pretrained_vit/failure_images/04528_true-dog_pred-deer.png,5,vit_scratch;mamba_scratch;vit_pretrained_finetuned;mamba_kd_from_scratch_vit;mamba_kd_from_pretrained_vit,True,True,False,False,False,False
4614,cifar10_test_04614,/home/tariq/Desktop/Awais-Tariq/base-KD/data/cifar-10-batches-py/test_batch,4614,cat,horse,0.5558836460113525,False,/home/tariq/Desktop/Awais-Tariq/base-KD/reports/cifar10_full_audit/vit_scratch/failure_images/04614_true-cat_pred-horse.png,dog,0.45200636982917786,False,/home/tariq/Desktop/Awais-Tariq/base-KD/reports/cifar10_full_audit/mamba_scratch/failure_images/04614_true-cat_pred-dog.png,dog,0.9999051094055176,False,/home/tariq/Desktop/Awais-Tariq/base-KD/reports/cifar10_full_audit/vit_pretrained_finetuned/failure_images/04614_true-cat_pred-dog.png,dog,0.9901942610740662,False,/home/tariq/Desktop/Awais-Tariq/base-KD/reports/cifar10_full_audit/mamba_kd_from_scratch_vit/failure_images/04614_true-cat_pred-dog.png,dog,0.9999926090240479,False,/home/tariq/Desktop/Awais-Tariq/base-KD/reports/cifar10_full_audit/mamba_kd_from_pretrained_vit/failure_images/04614_true-cat_pred-dog.png,5,vit_scratch;mamba_scratch;vit_pretrained_finetuned;mamba_kd_from_scratch_vit;mamba_kd_from_pretrained_vit,True,True,False,False,False,False
4646,cifar10_test_04646,/home/tariq/Desktop/Awais-Tariq/base-KD/data/cifar-10-batches-py/test_batch,4646,bird,dog,0.9783404469490051,False,/home/tariq/Desktop/Awais-Tariq/base-KD/reports/cifar10_full_audit/vit_scratch/failure_images/04646_true-bird_pred-dog.png,cat,0.8309738636016846,False,/home/tariq/Desktop/Awais-Tariq/base-KD/reports/cifar10_full_audit/mamba_scratch/failure_images/04646_true-bird_pred-cat.png,cat,0.9999969005584717,False,/home/tariq/Desktop/Awais-Tariq/base-KD/reports/cifar10_full_audit/vit_pretrained_finetuned/failure_images/04646_true-bird_pred-cat.png,cat,0.8385735154151917,False,/home/tariq/Desktop/Awais-Tariq/base-KD/reports/cifar10_full_audit/mamba_kd_from_scratch_vit/failure_images/04646_true-bird_pred-cat.png,dog,0.9612483978271484,False,/home/tariq/Desktop/Awais-Tariq/base-KD/reports/cifar10_full_audit/mamba_kd_from_pretrained_vit/failure_images/04646_true-bird_pred-dog.png,5,vit_scratch;mamba_scratch;vit_pretrained_finetuned;mamba_kd_from_scratch_vit;mamba_kd_from_pretrained_vit,True,True,False,False,False,False
4686,cifar10_test_04686,/home/tariq/Desktop/Awais-Tariq/base-KD/data/cifar-10-batches-py/test_batch,4686,airplane,ship,0.9959717392921448,False,/home/tariq/Desktop/Awais-Tariq/base-KD/reports/cifar10_full_audit/vit_scratch/failure_images/04686_true-airplane_pred-ship.png,ship,0.9732228517532349,False,/home/tariq/Desktop/Awais-Tariq/base-KD/reports/cifar10_full_audit/mamba_scratch/failure_images/04686_true-airplane_pred-ship.png,ship,0.9997580647468567,False,/home/tariq/Desktop/Awais-Tariq/base-KD/reports/cifar10_full_audit/vit_pretrained_finetuned/failure_images/04686_true-airplane_pred-ship.png,ship,0.9557663202285767,False,/home/tariq/Desktop/Awais-Tariq/base-KD/reports/cifar10_full_audit/mamba_kd_from_scratch_vit/failure_images/04686_true-airplane_pred-ship.png,ship,0.9999513626098633,False,/home/tariq/Desktop/Awais-Tariq/base-KD/reports/cifar10_full_audit/mamba_kd_from_pretrained_vit/failure_images/04686_true-airplane_pred-ship.png,5,vit_scratch;mamba_scratch;vit_pretrained_finetuned;mamba_kd_from_scratch_vit;mamba_kd_from_pretrained_vit,True,True,False,False,False,False
4740,cifar10_test_04740,/home/tariq/Desktop/Awais-Tariq/base-KD/data/cifar-10-batches-py/test_batch,4740,dog,frog,0.6395324468612671,False,/home/tariq/Desktop/Awais-Tariq/base-KD/reports/cifar10_full_audit/vit_scratch/failure_images/04740_true-dog_pred-frog.png,cat,0.9954984188079834,False,/home/tariq/Desktop/Awais-Tariq/base-KD/reports/cifar10_full_audit/mamba_scratch/failure_images/04740_true-dog_pred-cat.png,cat,0.9999784231185913,False,/home/tariq/Desktop/Awais-Tariq/base-KD/reports/cifar10_full_audit/vit_pretrained_finetuned/failure_images/04740_true-dog_pred-cat.png,cat,0.6576749086380005,False,/home/tariq/Desktop/Awais-Tariq/base-KD/reports/cifar10_full_audit/mamba_kd_from_scratch_vit/failure_images/04740_true-dog_pred-cat.png,cat,0.9996016621589661,False,/home/tariq/Desktop/Awais-Tariq/base-KD/reports/cifar10_full_audit/mamba_kd_from_pretrained_vit/failure_images/04740_true-dog_pred-cat.png,5,vit_scratch;mamba_scratch;vit_pretrained_finetuned;mamba_kd_from_scratch_vit;mamba_kd_from_pretrained_vit,True,True,False,False,False,False
4906,cifar10_test_04906,/home/tariq/Desktop/Awais-Tariq/base-KD/data/cifar-10-batches-py/test_batch,4906,dog,horse,0.5967375636100769,False,/home/tariq/Desktop/Awais-Tariq/base-KD/reports/cifar10_full_audit/vit_scratch/failure_images/04906_true-dog_pred-horse.png,cat,0.8463840484619141,False,/home/tariq/Desktop/Awais-Tariq/base-KD/reports/cifar10_full_audit/mamba_scratch/failure_images/04906_true-dog_pred-cat.png,cat,0.9998878240585327,False,/home/tariq/Desktop/Awais-Tariq/base-KD/reports/cifar10_full_audit/vit_pretrained_finetuned/failure_images/04906_true-dog_pred-cat.png,cat,0.5414506196975708,False,/home/tariq/Desktop/Awais-Tariq/base-KD/reports/cifar10_full_audit/mamba_kd_from_scratch_vit/failure_images/04906_true-dog_pred-cat.png,cat,0.9977715015411377,False,/home/tariq/Desktop/Awais-Tariq/base-KD/reports/cifar10_full_audit/mamba_kd_from_pretrained_vit/failure_images/04906_true-dog_pred-cat.png,5,vit_scratch;mamba_scratch;vit_pretrained_finetuned;mamba_kd_from_scratch_vit;mamba_kd_from_pretrained_vit,True,True,False,False,False,False
4910,cifar10_test_04910,/home/tariq/Desktop/Awais-Tariq/base-KD/data/cifar-10-batches-py/test_batch,4910,ship,truck,0.9999452829360962,False,/home/tariq/Desktop/Awais-Tariq/base-KD/reports/cifar10_full_audit/vit_scratch/failure_images/04910_true-ship_pred-truck.png,truck,0.9999949932098389,False,/home/tariq/Desktop/Awais-Tariq/base-KD/reports/cifar10_full_audit/mamba_scratch/failure_images/04910_true-ship_pred-truck.png,truck,0.9999651908874512,False,/home/tariq/Desktop/Awais-Tariq/base-KD/reports/cifar10_full_audit/vit_pretrained_finetuned/failure_images/04910_true-ship_pred-truck.png,truck,0.9999004602432251,False,/home/tariq/Desktop/Awais-Tariq/base-KD/reports/cifar10_full_audit/mamba_kd_from_scratch_vit/failure_images/04910_true-ship_pred-truck.png,truck,0.9999885559082031,False,/home/tariq/Desktop/Awais-Tariq/base-KD/reports/cifar10_full_audit/mamba_kd_from_pretrained_vit/failure_images/04910_true-ship_pred-truck.png,5,vit_scratch;mamba_scratch;vit_pretrained_finetuned;mamba_kd_from_scratch_vit;mamba_kd_from_pretrained_vit,True,True,False,False,False,False
4931,cifar10_test_04931,/home/tariq/Desktop/Awais-Tariq/base-KD/data/cifar-10-batches-py/test_batch,4931,truck,automobile,0.6638485193252563,False,/home/tariq/Desktop/Awais-Tariq/base-KD/reports/cifar10_full_audit/vit_scratch/failure_images/04931_true-truck_pred-automobile.png,automobile,0.9213523268699646,False,/home/tariq/Desktop/Awais-Tariq/base-KD/reports/cifar10_full_audit/mamba_scratch/failure_images/04931_true-truck_pred-automobile.png,automobile,0.9999936819076538,False,/home/tariq/Desktop/Awais-Tariq/base-KD/reports/cifar10_full_audit/vit_pretrained_finetuned/failure_images/04931_true-truck_pred-automobile.png,automobile,0.772090494632721,False,/home/tariq/Desktop/Awais-Tariq/base-KD/reports/cifar10_full_audit/mamba_kd_from_scratch_vit/failure_images/04931_true-truck_pred-automobile.png,automobile,0.9998034834861755,False,/home/tariq/Desktop/Awais-Tariq/base-KD/reports/cifar10_full_audit/mamba_kd_from_pretrained_vit/failure_images/04931_true-truck_pred-automobile.png,5,vit_scratch;mamba_scratch;vit_pretrained_finetuned;mamba_kd_from_scratch_vit;mamba_kd_from_pretrained_vit,True,True,False,False,False,False
4964,cifar10_test_04964,/home/tariq/Desktop/Awais-Tariq/base-KD/data/cifar-10-batches-py/test_batch,4964,dog,deer,0.8787739872932434,False,/home/tariq/Desktop/Awais-Tariq/base-KD/reports/cifar10_full_audit/vit_scratch/failure_images/04964_true-dog_pred-deer.png,deer,0.9697892069816589,False,/home/tariq/Desktop/Awais-Tariq/base-KD/reports/cifar10_full_audit/mamba_scratch/failure_images/04964_true-dog_pred-deer.png,horse,0.9999661445617676,False,/home/tariq/Desktop/Awais-Tariq/base-KD/reports/cifar10_full_audit/vit_pretrained_finetuned/failure_images/04964_true-dog_pred-horse.png,deer,0.838948667049408,False,/home/tariq/Desktop/Awais-Tariq/base-KD/reports/cifar10_full_audit/mamba_kd_from_scratch_vit/failure_images/04964_true-dog_pred-deer.png,bird,0.6210060119628906,False,/home/tariq/Desktop/Awais-Tariq/base-KD/reports/cifar10_full_audit/mamba_kd_from_pretrained_vit/failure_images/04964_true-dog_pred-bird.png,5,vit_scratch;mamba_scratch;vit_pretrained_finetuned;mamba_kd_from_scratch_vit;mamba_kd_from_pretrained_vit,True,True,False,False,False,False
4965,cifar10_test_04965,/home/tariq/Desktop/Awais-Tariq/base-KD/data/cifar-10-batches-py/test_batch,4965,cat,deer,0.9965692758560181,False,/home/tariq/Desktop/Awais-Tariq/base-KD/reports/cifar10_full_audit/vit_scratch/failure_images/04965_true-cat_pred-deer.png,deer,0.9999964237213135,False,/home/tariq/Desktop/Awais-Tariq/base-KD/reports/cifar10_full_audit/mamba_scratch/failure_images/04965_true-cat_pred-deer.png,deer,0.999969482421875,False,/home/tariq/Desktop/Awais-Tariq/base-KD/reports/cifar10_full_audit/vit_pretrained_finetuned/failure_images/04965_true-cat_pred-deer.png,deer,0.9974454641342163,False,/home/tariq/Desktop/Awais-Tariq/base-KD/reports/cifar10_full_audit/mamba_kd_from_scratch_vit/failure_images/04965_true-cat_pred-deer.png,deer,0.9999936819076538,False,/home/tariq/Desktop/Awais-Tariq/base-KD/reports/cifar10_full_audit/mamba_kd_from_pretrained_vit/failure_images/04965_true-cat_pred-deer.png,5,vit_scratch;mamba_scratch;vit_pretrained_finetuned;mamba_kd_from_scratch_vit;mamba_kd_from_pretrained_vit,True,True,False,False,False,False
5211,cifar10_test_05211,/home/tariq/Desktop/Awais-Tariq/base-KD/data/cifar-10-batches-py/test_batch,5211,horse,ship,0.7602519392967224,False,/home/tariq/Desktop/Awais-Tariq/base-KD/reports/cifar10_full_audit/vit_scratch/failure_images/05211_true-horse_pred-ship.png,deer,0.8616911172866821,False,/home/tariq/Desktop/Awais-Tariq/base-KD/reports/cifar10_full_audit/mamba_scratch/failure_images/05211_true-horse_pred-deer.png,deer,0.9997132420539856,False,/home/tariq/Desktop/Awais-Tariq/base-KD/reports/cifar10_full_audit/vit_pretrained_finetuned/failure_images/05211_true-horse_pred-deer.png,ship,0.9441380500793457,False,/home/tariq/Desktop/Awais-Tariq/base-KD/reports/cifar10_full_audit/mamba_kd_from_scratch_vit/failure_images/05211_true-horse_pred-ship.png,deer,0.996817946434021,False,/home/tariq/Desktop/Awais-Tariq/base-KD/reports/cifar10_full_audit/mamba_kd_from_pretrained_vit/failure_images/05211_true-horse_pred-deer.png,5,vit_scratch;mamba_scratch;vit_pretrained_finetuned;mamba_kd_from_scratch_vit;mamba_kd_from_pretrained_vit,True,True,False,False,False,False
5410,cifar10_test_05410,/home/tariq/Desktop/Awais-Tariq/base-KD/data/cifar-10-batches-py/test_batch,5410,cat,horse,0.8593843579292297,False,/home/tariq/Desktop/Awais-Tariq/base-KD/reports/cifar10_full_audit/vit_scratch/failure_images/05410_true-cat_pred-horse.png,horse,0.8653126358985901,False,/home/tariq/Desktop/Awais-Tariq/base-KD/reports/cifar10_full_audit/mamba_scratch/failure_images/05410_true-cat_pred-horse.png,dog,0.9999970197677612,False,/home/tariq/Desktop/Awais-Tariq/base-KD/reports/cifar10_full_audit/vit_pretrained_finetuned/failure_images/05410_true-cat_pred-dog.png,horse,0.9349582195281982,False,/home/tariq/Desktop/Awais-Tariq/base-KD/reports/cifar10_full_audit/mamba_kd_from_scratch_vit/failure_images/05410_true-cat_pred-horse.png,dog,0.9851926565170288,False,/home/tariq/Desktop/Awais-Tariq/base-KD/reports/cifar10_full_audit/mamba_kd_from_pretrained_vit/failure_images/05410_true-cat_pred-dog.png,5,vit_scratch;mamba_scratch;vit_pretrained_finetuned;mamba_kd_from_scratch_vit;mamba_kd_from_pretrained_vit,True,True,False,False,False,False
5416,cifar10_test_05416,/home/tariq/Desktop/Awais-Tariq/base-KD/data/cifar-10-batches-py/test_batch,5416,truck,automobile,0.9977091550827026,False,/home/tariq/Desktop/Awais-Tariq/base-KD/reports/cifar10_full_audit/vit_scratch/failure_images/05416_true-truck_pred-automobile.png,automobile,0.9999979734420776,False,/home/tariq/Desktop/Awais-Tariq/base-KD/reports/cifar10_full_audit/mamba_scratch/failure_images/05416_true-truck_pred-automobile.png,automobile,0.9999924898147583,False,/home/tariq/Desktop/Awais-Tariq/base-KD/reports/cifar10_full_audit/vit_pretrained_finetuned/failure_images/05416_true-truck_pred-automobile.png,automobile,0.9070109724998474,False,/home/tariq/Desktop/Awais-Tariq/base-KD/reports/cifar10_full_audit/mamba_kd_from_scratch_vit/failure_images/05416_true-truck_pred-automobile.png,automobile,0.9999971389770508,False,/home/tariq/Desktop/Awais-Tariq/base-KD/reports/cifar10_full_audit/mamba_kd_from_pretrained_vit/failure_images/05416_true-truck_pred-automobile.png,5,vit_scratch;mamba_scratch;vit_pretrained_finetuned;mamba_kd_from_scratch_vit;mamba_kd_from_pretrained_vit,True,True,False,False,False,False
5426,cifar10_test_05426,/home/tariq/Desktop/Awais-Tariq/base-KD/data/cifar-10-batches-py/test_batch,5426,dog,cat,0.9997597336769104,False,/home/tariq/Desktop/Awais-Tariq/base-KD/reports/cifar10_full_audit/vit_scratch/failure_images/05426_true-dog_pred-cat.png,cat,0.9999691247940063,False,/home/tariq/Desktop/Awais-Tariq/base-KD/reports/cifar10_full_audit/mamba_scratch/failure_images/05426_true-dog_pred-cat.png,cat,0.9999829530715942,False,/home/tariq/Desktop/Awais-Tariq/base-KD/reports/cifar10_full_audit/vit_pretrained_finetuned/failure_images/05426_true-dog_pred-cat.png,cat,0.9943639039993286,False,/home/tariq/Desktop/Awais-Tariq/base-KD/reports/cifar10_full_audit/mamba_kd_from_scratch_vit/failure_images/05426_true-dog_pred-cat.png,cat,0.9999969005584717,False,/home/tariq/Desktop/Awais-Tariq/base-KD/reports/cifar10_full_audit/mamba_kd_from_pretrained_vit/failure_images/05426_true-dog_pred-cat.png,5,vit_scratch;mamba_scratch;vit_pretrained_finetuned;mamba_kd_from_scratch_vit;mamba_kd_from_pretrained_vit,True,True,False,False,False,False
5458,cifar10_test_05458,/home/tariq/Desktop/Awais-Tariq/base-KD/data/cifar-10-batches-py/test_batch,5458,cat,deer,0.8618432283401489,False,/home/tariq/Desktop/Awais-Tariq/base-KD/reports/cifar10_full_audit/vit_scratch/failure_images/05458_true-cat_pred-deer.png,frog,0.7976152896881104,False,/home/tariq/Desktop/Awais-Tariq/base-KD/reports/cifar10_full_audit/mamba_scratch/failure_images/05458_true-cat_pred-frog.png,frog,0.9987647533416748,False,/home/tariq/Desktop/Awais-Tariq/base-KD/reports/cifar10_full_audit/vit_pretrained_finetuned/failure_images/05458_true-cat_pred-frog.png,frog,0.8807339668273926,False,/home/tariq/Desktop/Awais-Tariq/base-KD/reports/cifar10_full_audit/mamba_kd_from_scratch_vit/failure_images/05458_true-cat_pred-frog.png,frog,0.9998959302902222,False,/home/tariq/Desktop/Awais-Tariq/base-KD/reports/cifar10_full_audit/mamba_kd_from_pretrained_vit/failure_images/05458_true-cat_pred-frog.png,5,vit_scratch;mamba_scratch;vit_pretrained_finetuned;mamba_kd_from_scratch_vit;mamba_kd_from_pretrained_vit,True,True,False,False,False,False
5864,cifar10_test_05864,/home/tariq/Desktop/Awais-Tariq/base-KD/data/cifar-10-batches-py/test_batch,5864,truck,automobile,0.5395998358726501,False,/home/tariq/Desktop/Awais-Tariq/base-KD/reports/cifar10_full_audit/vit_scratch/failure_images/05864_true-truck_pred-automobile.png,automobile,0.6594783663749695,False,/home/tariq/Desktop/Awais-Tariq/base-KD/reports/cifar10_full_audit/mamba_scratch/failure_images/05864_true-truck_pred-automobile.png,automobile,0.9999951124191284,False,/home/tariq/Desktop/Awais-Tariq/base-KD/reports/cifar10_full_audit/vit_pretrained_finetuned/failure_images/05864_true-truck_pred-automobile.png,automobile,0.9492861032485962,False,/home/tariq/Desktop/Awais-Tariq/base-KD/reports/cifar10_full_audit/mamba_kd_from_scratch_vit/failure_images/05864_true-truck_pred-automobile.png,automobile,0.9973599314689636,False,/home/tariq/Desktop/Awais-Tariq/base-KD/reports/cifar10_full_audit/mamba_kd_from_pretrained_vit/failure_images/05864_true-truck_pred-automobile.png,5,vit_scratch;mamba_scratch;vit_pretrained_finetuned;mamba_kd_from_scratch_vit;mamba_kd_from_pretrained_vit,True,True,False,False,False,False
5881,cifar10_test_05881,/home/tariq/Desktop/Awais-Tariq/base-KD/data/cifar-10-batches-py/test_batch,5881,cat,dog,0.9951530694961548,False,/home/tariq/Desktop/Awais-Tariq/base-KD/reports/cifar10_full_audit/vit_scratch/failure_images/05881_true-cat_pred-dog.png,dog,0.9941391944885254,False,/home/tariq/Desktop/Awais-Tariq/base-KD/reports/cifar10_full_audit/mamba_scratch/failure_images/05881_true-cat_pred-dog.png,dog,0.5298681259155273,False,/home/tariq/Desktop/Awais-Tariq/base-KD/reports/cifar10_full_audit/vit_pretrained_finetuned/failure_images/05881_true-cat_pred-dog.png,dog,0.9999313354492188,False,/home/tariq/Desktop/Awais-Tariq/base-KD/reports/cifar10_full_audit/mamba_kd_from_scratch_vit/failure_images/05881_true-cat_pred-dog.png,dog,1.0,False,/home/tariq/Desktop/Awais-Tariq/base-KD/reports/cifar10_full_audit/mamba_kd_from_pretrained_vit/failure_images/05881_true-cat_pred-dog.png,5,vit_scratch;mamba_scratch;vit_pretrained_finetuned;mamba_kd_from_scratch_vit;mamba_kd_from_pretrained_vit,True,True,False,False,False,False
6257,cifar10_test_06257,/home/tariq/Desktop/Awais-Tariq/base-KD/data/cifar-10-batches-py/test_batch,6257,dog,cat,0.838346540927887,False,/home/tariq/Desktop/Awais-Tariq/base-KD/reports/cifar10_full_audit/vit_scratch/failure_images/06257_true-dog_pred-cat.png,bird,0.9615840315818787,False,/home/tariq/Desktop/Awais-Tariq/base-KD/reports/cifar10_full_audit/mamba_scratch/failure_images/06257_true-dog_pred-bird.png,cat,0.9882212281227112,False,/home/tariq/Desktop/Awais-Tariq/base-KD/reports/cifar10_full_audit/vit_pretrained_finetuned/failure_images/06257_true-dog_pred-cat.png,cat,0.559444785118103,False,/home/tariq/Desktop/Awais-Tariq/base-KD/reports/cifar10_full_audit/mamba_kd_from_scratch_vit/failure_images/06257_true-dog_pred-cat.png,cat,0.9998576641082764,False,/home/tariq/Desktop/Awais-Tariq/base-KD/reports/cifar10_full_audit/mamba_kd_from_pretrained_vit/failure_images/06257_true-dog_pred-cat.png,5,vit_scratch;mamba_scratch;vit_pretrained_finetuned;mamba_kd_from_scratch_vit;mamba_kd_from_pretrained_vit,True,True,False,False,False,False
6669,cifar10_test_06669,/home/tariq/Desktop/Awais-Tariq/base-KD/data/cifar-10-batches-py/test_batch,6669,dog,bird,0.9995582699775696,False,/home/tariq/Desktop/Awais-Tariq/base-KD/reports/cifar10_full_audit/vit_scratch/failure_images/06669_true-dog_pred-bird.png,deer,0.9900816082954407,False,/home/tariq/Desktop/Awais-Tariq/base-KD/reports/cifar10_full_audit/mamba_scratch/failure_images/06669_true-dog_pred-deer.png,deer,0.907192051410675,False,/home/tariq/Desktop/Awais-Tariq/base-KD/reports/cifar10_full_audit/vit_pretrained_finetuned/failure_images/06669_true-dog_pred-deer.png,bird,0.9997320771217346,False,/home/tariq/Desktop/Awais-Tariq/base-KD/reports/cifar10_full_audit/mamba_kd_from_scratch_vit/failure_images/06669_true-dog_pred-bird.png,bird,0.9977570176124573,False,/home/tariq/Desktop/Awais-Tariq/base-KD/reports/cifar10_full_audit/mamba_kd_from_pretrained_vit/failure_images/06669_true-dog_pred-bird.png,5,vit_scratch;mamba_scratch;vit_pretrained_finetuned;mamba_kd_from_scratch_vit;mamba_kd_from_pretrained_vit,True,True,False,False,False,False
6859,cifar10_test_06859,/home/tariq/Desktop/Awais-Tariq/base-KD/data/cifar-10-batches-py/test_batch,6859,cat,automobile,0.33227354288101196,False,/home/tariq/Desktop/Awais-Tariq/base-KD/reports/cifar10_full_audit/vit_scratch/failure_images/06859_true-cat_pred-automobile.png,automobile,0.9395408630371094,False,/home/tariq/Desktop/Awais-Tariq/base-KD/reports/cifar10_full_audit/mamba_scratch/failure_images/06859_true-cat_pred-automobile.png,automobile,0.9999983310699463,False,/home/tariq/Desktop/Awais-Tariq/base-KD/reports/cifar10_full_audit/vit_pretrained_finetuned/failure_images/06859_true-cat_pred-automobile.png,automobile,0.9002624750137329,False,/home/tariq/Desktop/Awais-Tariq/base-KD/reports/cifar10_full_audit/mamba_kd_from_scratch_vit/failure_images/06859_true-cat_pred-automobile.png,dog,0.877346396446228,False,/home/tariq/Desktop/Awais-Tariq/base-KD/reports/cifar10_full_audit/mamba_kd_from_pretrained_vit/failure_images/06859_true-cat_pred-dog.png,5,vit_scratch;mamba_scratch;vit_pretrained_finetuned;mamba_kd_from_scratch_vit;mamba_kd_from_pretrained_vit,True,True,False,False,False,False
6970,cifar10_test_06970,/home/tariq/Desktop/Awais-Tariq/base-KD/data/cifar-10-batches-py/test_batch,6970,airplane,bird,0.9968570470809937,False,/home/tariq/Desktop/Awais-Tariq/base-KD/reports/cifar10_full_audit/vit_scratch/failure_images/06970_true-airplane_pred-bird.png,bird,0.9994115829467773,False,/home/tariq/Desktop/Awais-Tariq/base-KD/reports/cifar10_full_audit/mamba_scratch/failure_images/06970_true-airplane_pred-bird.png,cat,0.9746082425117493,False,/home/tariq/Desktop/Awais-Tariq/base-KD/reports/cifar10_full_audit/vit_pretrained_finetuned/failure_images/06970_true-airplane_pred-cat.png,bird,0.8999738693237305,False,/home/tariq/Desktop/Awais-Tariq/base-KD/reports/cifar10_full_audit/mamba_kd_from_scratch_vit/failure_images/06970_true-airplane_pred-bird.png,bird,0.9496895670890808,False,/home/tariq/Desktop/Awais-Tariq/base-KD/reports/cifar10_full_audit/mamba_kd_from_pretrained_vit/failure_images/06970_true-airplane_pred-bird.png,5,vit_scratch;mamba_scratch;vit_pretrained_finetuned;mamba_kd_from_scratch_vit;mamba_kd_from_pretrained_vit,True,True,False,False,False,False
7002,cifar10_test_07002,/home/tariq/Desktop/Awais-Tariq/base-KD/data/cifar-10-batches-py/test_batch,7002,cat,deer,0.7558973431587219,False,/home/tariq/Desktop/Awais-Tariq/base-KD/reports/cifar10_full_audit/vit_scratch/failure_images/07002_true-cat_pred-deer.png,frog,0.5039317607879639,False,/home/tariq/Desktop/Awais-Tariq/base-KD/reports/cifar10_full_audit/mamba_scratch/failure_images/07002_true-cat_pred-frog.png,dog,0.9989456534385681,False,/home/tariq/Desktop/Awais-Tariq/base-KD/reports/cifar10_full_audit/vit_pretrained_finetuned/failure_images/07002_true-cat_pred-dog.png,deer,0.7125406265258789,False,/home/tariq/Desktop/Awais-Tariq/base-KD/reports/cifar10_full_audit/mamba_kd_from_scratch_vit/failure_images/07002_true-cat_pred-deer.png,frog,0.9999847412109375,False,/home/tariq/Desktop/Awais-Tariq/base-KD/reports/cifar10_full_audit/mamba_kd_from_pretrained_vit/failure_images/07002_true-cat_pred-frog.png,5,vit_scratch;mamba_scratch;vit_pretrained_finetuned;mamba_kd_from_scratch_vit;mamba_kd_from_pretrained_vit,True,True,False,False,False,False
7099,cifar10_test_07099,/home/tariq/Desktop/Awais-Tariq/base-KD/data/cifar-10-batches-py/test_batch,7099,cat,dog,0.9106228947639465,False,/home/tariq/Desktop/Awais-Tariq/base-KD/reports/cifar10_full_audit/vit_scratch/failure_images/07099_true-cat_pred-dog.png,dog,0.9158092141151428,False,/home/tariq/Desktop/Awais-Tariq/base-KD/reports/cifar10_full_audit/mamba_scratch/failure_images/07099_true-cat_pred-dog.png,dog,0.999998927116394,False,/home/tariq/Desktop/Awais-Tariq/base-KD/reports/cifar10_full_audit/vit_pretrained_finetuned/failure_images/07099_true-cat_pred-dog.png,dog,0.970149040222168,False,/home/tariq/Desktop/Awais-Tariq/base-KD/reports/cifar10_full_audit/mamba_kd_from_scratch_vit/failure_images/07099_true-cat_pred-dog.png,dog,0.9999991655349731,False,/home/tariq/Desktop/Awais-Tariq/base-KD/reports/cifar10_full_audit/mamba_kd_from_pretrained_vit/failure_images/07099_true-cat_pred-dog.png,5,vit_scratch;mamba_scratch;vit_pretrained_finetuned;mamba_kd_from_scratch_vit;mamba_kd_from_pretrained_vit,True,True,False,False,False,False
7150,cifar10_test_07150,/home/tariq/Desktop/Awais-Tariq/base-KD/data/cifar-10-batches-py/test_batch,7150,cat,frog,0.7320658564567566,False,/home/tariq/Desktop/Awais-Tariq/base-KD/reports/cifar10_full_audit/vit_scratch/failure_images/07150_true-cat_pred-frog.png,horse,0.997239351272583,False,/home/tariq/Desktop/Awais-Tariq/base-KD/reports/cifar10_full_audit/mamba_scratch/failure_images/07150_true-cat_pred-horse.png,horse,0.9999262094497681,False,/home/tariq/Desktop/Awais-Tariq/base-KD/reports/cifar10_full_audit/vit_pretrained_finetuned/failure_images/07150_true-cat_pred-horse.png,airplane,0.6655683517456055,False,/home/tariq/Desktop/Awais-Tariq/base-KD/reports/cifar10_full_audit/mamba_kd_from_scratch_vit/failure_images/07150_true-cat_pred-airplane.png,horse,0.9726888537406921,False,/home/tariq/Desktop/Awais-Tariq/base-KD/reports/cifar10_full_audit/mamba_kd_from_pretrained_vit/failure_images/07150_true-cat_pred-horse.png,5,vit_scratch;mamba_scratch;vit_pretrained_finetuned;mamba_kd_from_scratch_vit;mamba_kd_from_pretrained_vit,True,True,False,False,False,False
7202,cifar10_test_07202,/home/tariq/Desktop/Awais-Tariq/base-KD/data/cifar-10-batches-py/test_batch,7202,cat,dog,0.9592560529708862,False,/home/tariq/Desktop/Awais-Tariq/base-KD/reports/cifar10_full_audit/vit_scratch/failure_images/07202_true-cat_pred-dog.png,dog,0.981793999671936,False,/home/tariq/Desktop/Awais-Tariq/base-KD/reports/cifar10_full_audit/mamba_scratch/failure_images/07202_true-cat_pred-dog.png,dog,0.857473611831665,False,/home/tariq/Desktop/Awais-Tariq/base-KD/reports/cifar10_full_audit/vit_pretrained_finetuned/failure_images/07202_true-cat_pred-dog.png,dog,0.4826522469520569,False,/home/tariq/Desktop/Awais-Tariq/base-KD/reports/cifar10_full_audit/mamba_kd_from_scratch_vit/failure_images/07202_true-cat_pred-dog.png,dog,0.9150571227073669,False,/home/tariq/Desktop/Awais-Tariq/base-KD/reports/cifar10_full_audit/mamba_kd_from_pretrained_vit/failure_images/07202_true-cat_pred-dog.png,5,vit_scratch;mamba_scratch;vit_pretrained_finetuned;mamba_kd_from_scratch_vit;mamba_kd_from_pretrained_vit,True,True,False,False,False,False
7311,cifar10_test_07311,/home/tariq/Desktop/Awais-Tariq/base-KD/data/cifar-10-batches-py/test_batch,7311,automobile,truck,0.8362852931022644,False,/home/tariq/Desktop/Awais-Tariq/base-KD/reports/cifar10_full_audit/vit_scratch/failure_images/07311_true-automobile_pred-truck.png,truck,0.9997488856315613,False,/home/tariq/Desktop/Awais-Tariq/base-KD/reports/cifar10_full_audit/mamba_scratch/failure_images/07311_true-automobile_pred-truck.png,truck,0.9997729659080505,False,/home/tariq/Desktop/Awais-Tariq/base-KD/reports/cifar10_full_audit/vit_pretrained_finetuned/failure_images/07311_true-automobile_pred-truck.png,truck,0.9538716673851013,False,/home/tariq/Desktop/Awais-Tariq/base-KD/reports/cifar10_full_audit/mamba_kd_from_scratch_vit/failure_images/07311_true-automobile_pred-truck.png,truck,0.999947190284729,False,/home/tariq/Desktop/Awais-Tariq/base-KD/reports/cifar10_full_audit/mamba_kd_from_pretrained_vit/failure_images/07311_true-automobile_pred-truck.png,5,vit_scratch;mamba_scratch;vit_pretrained_finetuned;mamba_kd_from_scratch_vit;mamba_kd_from_pretrained_vit,True,True,False,False,False,False
7444,cifar10_test_07444,/home/tariq/Desktop/Awais-Tariq/base-KD/data/cifar-10-batches-py/test_batch,7444,truck,automobile,0.9511820673942566,False,/home/tariq/Desktop/Awais-Tariq/base-KD/reports/cifar10_full_audit/vit_scratch/failure_images/07444_true-truck_pred-automobile.png,automobile,0.9956284761428833,False,/home/tariq/Desktop/Awais-Tariq/base-KD/reports/cifar10_full_audit/mamba_scratch/failure_images/07444_true-truck_pred-automobile.png,automobile,0.9999793767929077,False,/home/tariq/Desktop/Awais-Tariq/base-KD/reports/cifar10_full_audit/vit_pretrained_finetuned/failure_images/07444_true-truck_pred-automobile.png,automobile,0.9525728225708008,False,/home/tariq/Desktop/Awais-Tariq/base-KD/reports/cifar10_full_audit/mamba_kd_from_scratch_vit/failure_images/07444_true-truck_pred-automobile.png,automobile,0.5538854598999023,False,/home/tariq/Desktop/Awais-Tariq/base-KD/reports/cifar10_full_audit/mamba_kd_from_pretrained_vit/failure_images/07444_true-truck_pred-automobile.png,5,vit_scratch;mamba_scratch;vit_pretrained_finetuned;mamba_kd_from_scratch_vit;mamba_kd_from_pretrained_vit,True,True,False,False,False,False
7524,cifar10_test_07524,/home/tariq/Desktop/Awais-Tariq/base-KD/data/cifar-10-batches-py/test_batch,7524,cat,truck,0.9764634370803833,False,/home/tariq/Desktop/Awais-Tariq/base-KD/reports/cifar10_full_audit/vit_scratch/failure_images/07524_true-cat_pred-truck.png,ship,0.9919547438621521,False,/home/tariq/Desktop/Awais-Tariq/base-KD/reports/cifar10_full_audit/mamba_scratch/failure_images/07524_true-cat_pred-ship.png,ship,0.9789496660232544,False,/home/tariq/Desktop/Awais-Tariq/base-KD/reports/cifar10_full_audit/vit_pretrained_finetuned/failure_images/07524_true-cat_pred-ship.png,ship,0.8665775656700134,False,/home/tariq/Desktop/Awais-Tariq/base-KD/reports/cifar10_full_audit/mamba_kd_from_scratch_vit/failure_images/07524_true-cat_pred-ship.png,ship,0.9999865293502808,False,/home/tariq/Desktop/Awais-Tariq/base-KD/reports/cifar10_full_audit/mamba_kd_from_pretrained_vit/failure_images/07524_true-cat_pred-ship.png,5,vit_scratch;mamba_scratch;vit_pretrained_finetuned;mamba_kd_from_scratch_vit;mamba_kd_from_pretrained_vit,True,True,False,False,False,False
7657,cifar10_test_07657,/home/tariq/Desktop/Awais-Tariq/base-KD/data/cifar-10-batches-py/test_batch,7657,bird,horse,0.8974756598472595,False,/home/tariq/Desktop/Awais-Tariq/base-KD/reports/cifar10_full_audit/vit_scratch/failure_images/07657_true-bird_pred-horse.png,dog,0.9548250436782837,False,/home/tariq/Desktop/Awais-Tariq/base-KD/reports/cifar10_full_audit/mamba_scratch/failure_images/07657_true-bird_pred-dog.png,horse,0.9999562501907349,False,/home/tariq/Desktop/Awais-Tariq/base-KD/reports/cifar10_full_audit/vit_pretrained_finetuned/failure_images/07657_true-bird_pred-horse.png,horse,0.9034535884857178,False,/home/tariq/Desktop/Awais-Tariq/base-KD/reports/cifar10_full_audit/mamba_kd_from_scratch_vit/failure_images/07657_true-bird_pred-horse.png,dog,0.5348554253578186,False,/home/tariq/Desktop/Awais-Tariq/base-KD/reports/cifar10_full_audit/mamba_kd_from_pretrained_vit/failure_images/07657_true-bird_pred-dog.png,5,vit_scratch;mamba_scratch;vit_pretrained_finetuned;mamba_kd_from_scratch_vit;mamba_kd_from_pretrained_vit,True,True,False,False,False,False
7761,cifar10_test_07761,/home/tariq/Desktop/Awais-Tariq/base-KD/data/cifar-10-batches-py/test_batch,7761,bird,dog,0.9911624193191528,False,/home/tariq/Desktop/Awais-Tariq/base-KD/reports/cifar10_full_audit/vit_scratch/failure_images/07761_true-bird_pred-dog.png,cat,0.9998766183853149,False,/home/tariq/Desktop/Awais-Tariq/base-KD/reports/cifar10_full_audit/mamba_scratch/failure_images/07761_true-bird_pred-cat.png,cat,0.9988425374031067,False,/home/tariq/Desktop/Awais-Tariq/base-KD/reports/cifar10_full_audit/vit_pretrained_finetuned/failure_images/07761_true-bird_pred-cat.png,cat,0.6634491086006165,False,/home/tariq/Desktop/Awais-Tariq/base-KD/reports/cifar10_full_audit/mamba_kd_from_scratch_vit/failure_images/07761_true-bird_pred-cat.png,cat,0.9999967813491821,False,/home/tariq/Desktop/Awais-Tariq/base-KD/reports/cifar10_full_audit/mamba_kd_from_pretrained_vit/failure_images/07761_true-bird_pred-cat.png,5,vit_scratch;mamba_scratch;vit_pretrained_finetuned;mamba_kd_from_scratch_vit;mamba_kd_from_pretrained_vit,True,True,False,False,False,False
7853,cifar10_test_07853,/home/tariq/Desktop/Awais-Tariq/base-KD/data/cifar-10-batches-py/test_batch,7853,cat,dog,0.6421991586685181,False,/home/tariq/Desktop/Awais-Tariq/base-KD/reports/cifar10_full_audit/vit_scratch/failure_images/07853_true-cat_pred-dog.png,bird,0.8474553823471069,False,/home/tariq/Desktop/Awais-Tariq/base-KD/reports/cifar10_full_audit/mamba_scratch/failure_images/07853_true-cat_pred-bird.png,deer,0.9992319345474243,False,/home/tariq/Desktop/Awais-Tariq/base-KD/reports/cifar10_full_audit/vit_pretrained_finetuned/failure_images/07853_true-cat_pred-deer.png,dog,0.6590061783790588,False,/home/tariq/Desktop/Awais-Tariq/base-KD/reports/cifar10_full_audit/mamba_kd_from_scratch_vit/failure_images/07853_true-cat_pred-dog.png,deer,0.7943710684776306,False,/home/tariq/Desktop/Awais-Tariq/base-KD/reports/cifar10_full_audit/mamba_kd_from_pretrained_vit/failure_images/07853_true-cat_pred-deer.png,5,vit_scratch;mamba_scratch;vit_pretrained_finetuned;mamba_kd_from_scratch_vit;mamba_kd_from_pretrained_vit,True,True,False,False,False,False
7892,cifar10_test_07892,/home/tariq/Desktop/Awais-Tariq/base-KD/data/cifar-10-batches-py/test_batch,7892,automobile,truck,0.9996540546417236,False,/home/tariq/Desktop/Awais-Tariq/base-KD/reports/cifar10_full_audit/vit_scratch/failure_images/07892_true-automobile_pred-truck.png,truck,0.9985276460647583,False,/home/tariq/Desktop/Awais-Tariq/base-KD/reports/cifar10_full_audit/mamba_scratch/failure_images/07892_true-automobile_pred-truck.png,truck,0.9995633959770203,False,/home/tariq/Desktop/Awais-Tariq/base-KD/reports/cifar10_full_audit/vit_pretrained_finetuned/failure_images/07892_true-automobile_pred-truck.png,truck,0.9924502372741699,False,/home/tariq/Desktop/Awais-Tariq/base-KD/reports/cifar10_full_audit/mamba_kd_from_scratch_vit/failure_images/07892_true-automobile_pred-truck.png,truck,0.9999747276306152,False,/home/tariq/Desktop/Awais-Tariq/base-KD/reports/cifar10_full_audit/mamba_kd_from_pretrained_vit/failure_images/07892_true-automobile_pred-truck.png,5,vit_scratch;mamba_scratch;vit_pretrained_finetuned;mamba_kd_from_scratch_vit;mamba_kd_from_pretrained_vit,True,True,False,False,False,False
7967,cifar10_test_07967,/home/tariq/Desktop/Awais-Tariq/base-KD/data/cifar-10-batches-py/test_batch,7967,truck,horse,0.8219157457351685,False,/home/tariq/Desktop/Awais-Tariq/base-KD/reports/cifar10_full_audit/vit_scratch/failure_images/07967_true-truck_pred-horse.png,horse,0.9710871577262878,False,/home/tariq/Desktop/Awais-Tariq/base-KD/reports/cifar10_full_audit/mamba_scratch/failure_images/07967_true-truck_pred-horse.png,automobile,0.9999452829360962,False,/home/tariq/Desktop/Awais-Tariq/base-KD/reports/cifar10_full_audit/vit_pretrained_finetuned/failure_images/07967_true-truck_pred-automobile.png,automobile,0.8778568506240845,False,/home/tariq/Desktop/Awais-Tariq/base-KD/reports/cifar10_full_audit/mamba_kd_from_scratch_vit/failure_images/07967_true-truck_pred-automobile.png,automobile,0.8046642541885376,False,/home/tariq/Desktop/Awais-Tariq/base-KD/reports/cifar10_full_audit/mamba_kd_from_pretrained_vit/failure_images/07967_true-truck_pred-automobile.png,5,vit_scratch;mamba_scratch;vit_pretrained_finetuned;mamba_kd_from_scratch_vit;mamba_kd_from_pretrained_vit,True,True,False,False,False,False
8268,cifar10_test_08268,/home/tariq/Desktop/Awais-Tariq/base-KD/data/cifar-10-batches-py/test_batch,8268,dog,deer,0.8076140284538269,False,/home/tariq/Desktop/Awais-Tariq/base-KD/reports/cifar10_full_audit/vit_scratch/failure_images/08268_true-dog_pred-deer.png,bird,0.9699516296386719,False,/home/tariq/Desktop/Awais-Tariq/base-KD/reports/cifar10_full_audit/mamba_scratch/failure_images/08268_true-dog_pred-bird.png,cat,0.5362474918365479,False,/home/tariq/Desktop/Awais-Tariq/base-KD/reports/cifar10_full_audit/vit_pretrained_finetuned/failure_images/08268_true-dog_pred-cat.png,cat,0.6605251431465149,False,/home/tariq/Desktop/Awais-Tariq/base-KD/reports/cifar10_full_audit/mamba_kd_from_scratch_vit/failure_images/08268_true-dog_pred-cat.png,cat,0.960921585559845,False,/home/tariq/Desktop/Awais-Tariq/base-KD/reports/cifar10_full_audit/mamba_kd_from_pretrained_vit/failure_images/08268_true-dog_pred-cat.png,5,vit_scratch;mamba_scratch;vit_pretrained_finetuned;mamba_kd_from_scratch_vit;mamba_kd_from_pretrained_vit,True,True,False,False,False,False
8296,cifar10_test_08296,/home/tariq/Desktop/Awais-Tariq/base-KD/data/cifar-10-batches-py/test_batch,8296,dog,cat,0.9997963309288025,False,/home/tariq/Desktop/Awais-Tariq/base-KD/reports/cifar10_full_audit/vit_scratch/failure_images/08296_true-dog_pred-cat.png,cat,0.9888767600059509,False,/home/tariq/Desktop/Awais-Tariq/base-KD/reports/cifar10_full_audit/mamba_scratch/failure_images/08296_true-dog_pred-cat.png,cat,0.9997907280921936,False,/home/tariq/Desktop/Awais-Tariq/base-KD/reports/cifar10_full_audit/vit_pretrained_finetuned/failure_images/08296_true-dog_pred-cat.png,cat,0.8648564219474792,False,/home/tariq/Desktop/Awais-Tariq/base-KD/reports/cifar10_full_audit/mamba_kd_from_scratch_vit/failure_images/08296_true-dog_pred-cat.png,frog,0.7957426905632019,False,/home/tariq/Desktop/Awais-Tariq/base-KD/reports/cifar10_full_audit/mamba_kd_from_pretrained_vit/failure_images/08296_true-dog_pred-frog.png,5,vit_scratch;mamba_scratch;vit_pretrained_finetuned;mamba_kd_from_scratch_vit;mamba_kd_from_pretrained_vit,True,True,False,False,False,False
8576,cifar10_test_08576,/home/tariq/Desktop/Awais-Tariq/base-KD/data/cifar-10-batches-py/test_batch,8576,bird,ship,0.5003895163536072,False,/home/tariq/Desktop/Awais-Tariq/base-KD/reports/cifar10_full_audit/vit_scratch/failure_images/08576_true-bird_pred-ship.png,airplane,0.9985876083374023,False,/home/tariq/Desktop/Awais-Tariq/base-KD/reports/cifar10_full_audit/mamba_scratch/failure_images/08576_true-bird_pred-airplane.png,airplane,0.9969213008880615,False,/home/tariq/Desktop/Awais-Tariq/base-KD/reports/cifar10_full_audit/vit_pretrained_finetuned/failure_images/08576_true-bird_pred-airplane.png,airplane,0.9941816926002502,False,/home/tariq/Desktop/Awais-Tariq/base-KD/reports/cifar10_full_audit/mamba_kd_from_scratch_vit/failure_images/08576_true-bird_pred-airplane.png,airplane,0.9997990727424622,False,/home/tariq/Desktop/Awais-Tariq/base-KD/reports/cifar10_full_audit/mamba_kd_from_pretrained_vit/failure_images/08576_true-bird_pred-airplane.png,5,vit_scratch;mamba_scratch;vit_pretrained_finetuned;mamba_kd_from_scratch_vit;mamba_kd_from_pretrained_vit,True,True,False,False,False,False
8589,cifar10_test_08589,/home/tariq/Desktop/Awais-Tariq/base-KD/data/cifar-10-batches-py/test_batch,8589,dog,cat,0.9856032133102417,False,/home/tariq/Desktop/Awais-Tariq/base-KD/reports/cifar10_full_audit/vit_scratch/failure_images/08589_true-dog_pred-cat.png,cat,0.9816790223121643,False,/home/tariq/Desktop/Awais-Tariq/base-KD/reports/cifar10_full_audit/mamba_scratch/failure_images/08589_true-dog_pred-cat.png,cat,0.9995001554489136,False,/home/tariq/Desktop/Awais-Tariq/base-KD/reports/cifar10_full_audit/vit_pretrained_finetuned/failure_images/08589_true-dog_pred-cat.png,cat,0.9530667662620544,False,/home/tariq/Desktop/Awais-Tariq/base-KD/reports/cifar10_full_audit/mamba_kd_from_scratch_vit/failure_images/08589_true-dog_pred-cat.png,cat,0.9987775683403015,False,/home/tariq/Desktop/Awais-Tariq/base-KD/reports/cifar10_full_audit/mamba_kd_from_pretrained_vit/failure_images/08589_true-dog_pred-cat.png,5,vit_scratch;mamba_scratch;vit_pretrained_finetuned;mamba_kd_from_scratch_vit;mamba_kd_from_pretrained_vit,True,True,False,False,False,False
9227,cifar10_test_09227,/home/tariq/Desktop/Awais-Tariq/base-KD/data/cifar-10-batches-py/test_batch,9227,automobile,truck,0.9990406632423401,False,/home/tariq/Desktop/Awais-Tariq/base-KD/reports/cifar10_full_audit/vit_scratch/failure_images/09227_true-automobile_pred-truck.png,truck,0.9995458722114563,False,/home/tariq/Desktop/Awais-Tariq/base-KD/reports/cifar10_full_audit/mamba_scratch/failure_images/09227_true-automobile_pred-truck.png,truck,0.9999990463256836,False,/home/tariq/Desktop/Awais-Tariq/base-KD/reports/cifar10_full_audit/vit_pretrained_finetuned/failure_images/09227_true-automobile_pred-truck.png,truck,0.9964633584022522,False,/home/tariq/Desktop/Awais-Tariq/base-KD/reports/cifar10_full_audit/mamba_kd_from_scratch_vit/failure_images/09227_true-automobile_pred-truck.png,truck,0.9999984502792358,False,/home/tariq/Desktop/Awais-Tariq/base-KD/reports/cifar10_full_audit/mamba_kd_from_pretrained_vit/failure_images/09227_true-automobile_pred-truck.png,5,vit_scratch;mamba_scratch;vit_pretrained_finetuned;mamba_kd_from_scratch_vit;mamba_kd_from_pretrained_vit,True,True,False,False,False,False
9535,cifar10_test_09535,/home/tariq/Desktop/Awais-Tariq/base-KD/data/cifar-10-batches-py/test_batch,9535,automobile,truck,0.9997839331626892,False,/home/tariq/Desktop/Awais-Tariq/base-KD/reports/cifar10_full_audit/vit_scratch/failure_images/09535_true-automobile_pred-truck.png,truck,0.6467934250831604,False,/home/tariq/Desktop/Awais-Tariq/base-KD/reports/cifar10_full_audit/mamba_scratch/failure_images/09535_true-automobile_pred-truck.png,truck,0.9999675750732422,False,/home/tariq/Desktop/Awais-Tariq/base-KD/reports/cifar10_full_audit/vit_pretrained_finetuned/failure_images/09535_true-automobile_pred-truck.png,truck,0.9911760091781616,False,/home/tariq/Desktop/Awais-Tariq/base-KD/reports/cifar10_full_audit/mamba_kd_from_scratch_vit/failure_images/09535_true-automobile_pred-truck.png,cat,0.6916565299034119,False,/home/tariq/Desktop/Awais-Tariq/base-KD/reports/cifar10_full_audit/mamba_kd_from_pretrained_vit/failure_images/09535_true-automobile_pred-cat.png,5,vit_scratch;mamba_scratch;vit_pretrained_finetuned;mamba_kd_from_scratch_vit;mamba_kd_from_pretrained_vit,True,True,False,False,False,False
9819,cifar10_test_09819,/home/tariq/Desktop/Awais-Tariq/base-KD/data/cifar-10-batches-py/test_batch,9819,cat,dog,0.9990307092666626,False,/home/tariq/Desktop/Awais-Tariq/base-KD/reports/cifar10_full_audit/vit_scratch/failure_images/09819_true-cat_pred-dog.png,dog,0.9999946355819702,False,/home/tariq/Desktop/Awais-Tariq/base-KD/reports/cifar10_full_audit/mamba_scratch/failure_images/09819_true-cat_pred-dog.png,dog,0.99993896484375,False,/home/tariq/Desktop/Awais-Tariq/base-KD/reports/cifar10_full_audit/vit_pretrained_finetuned/failure_images/09819_true-cat_pred-dog.png,dog,0.9962536096572876,False,/home/tariq/Desktop/Awais-Tariq/base-KD/reports/cifar10_full_audit/mamba_kd_from_scratch_vit/failure_images/09819_true-cat_pred-dog.png,dog,0.9991756081581116,False,/home/tariq/Desktop/Awais-Tariq/base-KD/reports/cifar10_full_audit/mamba_kd_from_pretrained_vit/failure_images/09819_true-cat_pred-dog.png,5,vit_scratch;mamba_scratch;vit_pretrained_finetuned;mamba_kd_from_scratch_vit;mamba_kd_from_pretrained_vit,True,True,False,False,False,False
9853,cifar10_test_09853,/home/tariq/Desktop/Awais-Tariq/base-KD/data/cifar-10-batches-py/test_batch,9853,dog,frog,0.9743480682373047,False,/home/tariq/Desktop/Awais-Tariq/base-KD/reports/cifar10_full_audit/vit_scratch/failure_images/09853_true-dog_pred-frog.png,cat,0.8362388610839844,False,/home/tariq/Desktop/Awais-Tariq/base-KD/reports/cifar10_full_audit/mamba_scratch/failure_images/09853_true-dog_pred-cat.png,frog,0.5825903415679932,False,/home/tariq/Desktop/Awais-Tariq/base-KD/reports/cifar10_full_audit/vit_pretrained_finetuned/failure_images/09853_true-dog_pred-frog.png,frog,0.31425368785858154,False,/home/tariq/Desktop/Awais-Tariq/base-KD/reports/cifar10_full_audit/mamba_kd_from_scratch_vit/failure_images/09853_true-dog_pred-frog.png,cat,0.9952713847160339,False,/home/tariq/Desktop/Awais-Tariq/base-KD/reports/cifar10_full_audit/mamba_kd_from_pretrained_vit/failure_images/09853_true-dog_pred-cat.png,5,vit_scratch;mamba_scratch;vit_pretrained_finetuned;mamba_kd_from_scratch_vit;mamba_kd_from_pretrained_vit,True,True,False,False,False,False
